,Metadata_plate_map_name,Metadata_control_type,Metadata_broad_sample,Metadata_mg_per_ml,Metadata_mmoles_per_liter,Metadata_solvent,Metadata_BRD ID,Metadata_BRD with batch,Metadata_Common Name,Metadata_MoA,Metadata_Plate,Metadata_Well,Metadata_Site_Count,Metadata_Count_Cells,Metadata_Count_CellsWithNuclei,Metadata_Count_Cytoplasm,Metadata_Count_FilterMaskedNuclei,Metadata_Count_MaskedNuclei,Metadata_Count_Nuclei,Metadata_Count_NucleiPassingFilter,Metadata_Count_PreCells,Metadata_Count_RunCellpose,Metadata_Count_SmallCells,Metadata_Object_Count,n_pos_pairs,n_total_pairs,average_precision
0,S-C-7314-04-CMP-001,trt,BRD-K62391742-001-19-9,4.3422,5.0,DMSO,K62391742,BRD-K62391742-001-03-0,venetoclax,BCL inhibitor,BR00122249_24h,A01,4,572,594,572,593,1471,548,584,597,1593,597,572,3,355,0.03135073498923264
1,S-C-7314-04-CMP-001,trt,BRD-K19477839-001-10-9,1.797,5.0,DMSO,K19477839,BRD-K19477839-001-07-6,SGX523,hepatocyte growth factor receptor inhibitor,BR00122249_24h,A02,4,512,542,512,535,1199,487,533,546,1326,546,512,3,355,0.010591788557554285
2,S-C-7314-04-CMP-001,trt,BRD-K54759182-003-09-8,1.6595,5.0,DMSO,K54759182,BRD-K54759182-003-08-0,dosulepin,tricyclic antidepressant,BR00122249_24h,A03,4,532,563,532,556,1360,504,554,565,1497,565,532,3,355,0.03326719576719577
3,S-C-7314-04-CMP-001,trt,BRD-K70642949-001-06-9,2.313,5.0,DMSO,K70642949,BRD-K70642949-001-04-5,GSK2334470,phosphoinositide dependent kinase inhibitor,BR00122249_24h,A04,4,512,541,512,536,1251,485,534,543,1355,543,512,3,355,0.7380952380952381
4,S-C-7314-04-CMP-001,trt,BRD-K73397362-001-09-9,2.6031,5.0,DMSO,K73397362,BRD-K73397362-001-06-6,purmorphamine,smoothened receptor agonist,BR00122249_24h,A05,4,460,493,460,489,1171,421,481,497,1289,497,460,3,355,0.05982076866223207
5,S-C-7314-04-CMP-001,trt,BRD-K13606314-001-02-9,1.7411,5.0,DMSO,K13606314,BRD-K13606314-001-01-3,P5091,ubiquitin specific protease inhibitor,BR00122249_24h,A06,4,459,503,459,501,1147,432,491,505,1287,505,459,3,355,0.007329452833157922
6,S-C-7314-04-CMP-001,trt,BRD-K82941592-238-06-9,2.6182,5.0,DMSO,K82941592,BRD-K82941592-238-03-7,rosuvastatin,HMGCR inhibitor,BR00122249_24h,A07,4,476,529,476,519,1111,447,507,535,1235,535,476,3,355,0.013239626832163875
7,S-C-7314-04-CMP-001,trt,BRD-K86718786-001-03-9,1.4917,5.0,DMSO,K86718786,BRD-K86718786-001-03-9,SGC-707,protein arginine N-methyltransferase inhibitor,BR00122249_24h,A08,4,610,658,610,656,1431,579,642,658,1584,658,610,3,355,0.010200603605483232
8,S-C-7314-04-CMP-001,trt,BRD-K02965346-001-01-8,2.8404,5.0,DMSO,K02965346,BRD-K02965346-001-07-5,SU-11274,hepatocyte growth factor receptor inhibitor,BR00122249_24h,A09,4,380,412,380,406,905,345,405,413,994,413,380,3,355,1.0
9,S-C-7314-04-CMP-001,trt,BRD-K36234266-001-10-6,1.0702,5.0,DMSO,K36234266,BRD-K36234266-001-09-8,carmustine,DNA inhibitor,BR00122249_24h,A10,4,506,537,506,530,1128,485,526,540,1241,540,506,3,355,0.02350386009603887
10,S-C-7314-04-CMP-001,trt,BRD-K72898849-001-03-9,2.5469,5.0,DMSO,K72898849,BRD-K72898849-001-01-8,BLU9931,FGFR inhibitor,BR00122249_24h,A11,4,435,449,435,445,1040,410,445,451,1154,451,435,3,355,0.01981587822440981
11,S-C-7314-04-CMP-001,trt,BRD-A87435144-001-01-6,2.3944,5.0,DMSO,A87435144,BRD-A87435144-001-01-6,AZD7545,pyruvate dehydrogenase kinase inhibitor,BR00122249_24h,A12,4,448,488,448,479,957,427,473,493,1069,493,448,3,355,0.027769595810832923
12,S-C-7314-04-CMP-001,trt,BRD-K94455792-001-01-8,2.7432,5.0,DMSO,K94455792,BRD-K94455792-001-01-8,ICG-001,beta-catenin inhibitor,BR00122249_24h,A13,4,425,462,425,454,1094,404,449,463,1208,463,425,3,355,0.022046070972071587
13,S-C-7314-04-CMP-001,trt,BRD-K01826510-001-09-9,1.8745,5.0,DMSO,K01826510,BRD-K01826510-300-06-9,hydroxyzine,antihistamine,BR00122249_24h,A14,4,545,572,545,566,1178,508,559,573,1324,573,545,3,355,0.020831118199539252
14,S-C-7314-04-CMP-001,trt,BRD-K09372874-001-02-9,2.2623,5.0,DMSO,K09372874,BRD-K09372874-001-01-0,merimepodib,inosine monophosphate dehydrogenase inhibitor,BR00122249_24h,A15,4,395,427,395,420,793,385,416,430,905,430,395,3,355,0.35507246376811596
15,S-C-7314-04-CMP-001,trt,BRD-K06182768-001-02-3,1.6472,5.0,DMSO,K06182768,BRD-K06182768-001-06-4,A-366,histone lysine methyltransferase inhibitor,BR00122249_24h,A16,4,521,566,521,562,1163,491,557,567,1295,567,521,3,355,0.01741618248633899
16,S-C-7314-04-CMP-001,trt,BRD-K53972329-001-12-9,1.5318,5.0,DMSO,K53972329,BRD-K53972329-001-07-0,ruxolitinib,JAK inhibitor,BR00122249_24h,A17,4,565,609,565,603,1218,538,593,609,1346,609,565,3,355,0.04876496052966642
17,S-C-7314-04-CMP-001,trt,BRD-K49669041-001-10-9,2.3568,5.0,DMSO,K49669041,BRD-K49669041-001-08-4,BX-912,pyruvate dehydrogenase kinase inhibitor,BR00122249_24h,A18,4,350,374,350,370,1127,337,367,384,1312,384,350,3,355,0.5435897435897435
18,S-C-7314-04-CMP-001,trt,BRD-K45909031-001-03-9,2.4849,5.0,DMSO,K45909031,BRD-K45909031-001-01-5,WZ4003,AMPK inhibitor,BR00122249_24h,A20,4,544,588,544,583,1271,501,565,589,1367,589,544,3,359,0.6666666666666666
19,S-C-7314-04-CMP-001,trt,BRD-K38627885-001-01-9,2.0674,5.0,DMSO,K38627885,BRD-K38627885-001-01-9,APY0201,phosphoinositide dependent kinase inhibitor,BR00122249_24h,A21,4,216,235,216,233,833,209,233,242,1040,242,216,3,355,0.7575757575757575
20,S-C-7314-04-CMP-001,trt,BRD-K99092662-001-02-9,1.5286,5.0,DMSO,K99092662,BRD-K99092662-001-01-1,PS178990,androgen receptor modulator,BR00122249_24h,A22,4,568,596,568,586,1229,531,577,600,1398,600,568,3,355,0.015604738431477042
21,S-C-7314-04-CMP-001,trt,BRD-K21728777-001-03-9,2.5179,5.0,DMSO,K21728777,BRD-K21728777-001-02-3,AMG900,Aurora kinase inhibitor,BR00122249_24h,A23,4,271,297,271,295,941,258,294,300,1064,300,271,3,355,0.030731091401823108
22,S-C-7314-04-CMP-001,trt,BRD-K75009076-001-04-9,1.8813,5.0,DMSO,K75009076,BRD-K75009076-001-02-1,SCH-900776,CHK inhibitor,BR00122249_24h,A24,4,424,440,424,437,1112,408,437,446,1265,446,424,3,355,0.11081832820963256
23,S-C-7314-04-CMP-001,trt,BRD-K67578145-001-13-9,1.6719,5.0,DMSO,K67578145,BRD-K67578145-001-09-7,GDC-0879,RAF inhibitor,BR00122249_24h,B02,4,425,457,425,451,878,400,449,462,995,462,425,3,355,0.3536638876700307
24,S-C-7314-04-CMP-001,trt,BRD-K67578145-001-13-9,1.6719,5.0,DMSO,K67578145,BRD-K67578145-001-09-7,GDC-0879,RAF inhibitor,BR00122249_24h,B03,4,528,564,528,560,1116,495,555,567,1257,567,528,3,355,0.3479005360333532
25,S-C-7314-04-CMP-001,trt,BRD-K56301217-001-02-5,4.0671,5.0,DMSO,K56301217,BRD-K56301217-001-07-4,ABT-737,BCL inhibitor,BR00122249_24h,B04,4,469,515,469,509,1156,444,507,516,1289,516,469,3,355,0.18550281434206442
26,S-C-7314-04-CMP-001,trt,BRD-K02965346-001-01-8,2.8404,5.0,DMSO,K02965346,BRD-K02965346-001-07-5,SU-11274,hepatocyte growth factor receptor inhibitor,BR00122249_24h,B05,4,460,508,460,500,1114,404,492,513,1237,513,460,3,355,1.0
27,S-C-7314-04-CMP-001,trt,BRD-K54759182-003-09-8,1.6595,5.0,DMSO,K54759182,BRD-K54759182-003-08-0,dosulepin,tricyclic antidepressant,BR00122249_24h,B06,4,464,515,464,509,1089,421,501,516,1207,516,464,3,355,0.05531314390594427
28,S-C-7314-04-CMP-001,trt,BRD-K99433989-001-02-9,2.4503,5.0,DMSO,K99433989,BRD-K99433989-001-02-9,SAG,smoothened receptor agonist,BR00122249_24h,B07,4,502,549,502,545,1170,460,539,554,1256,554,502,3,355,0.8095238095238096
29,S-C-7314-04-CMP-001,trt,BRD-K45909031-001-03-9,2.4849,5.0,DMSO,K45909031,BRD-K45909031-001-01-5,WZ4003,AMPK inhibitor,BR00122249_24h,B08,4,593,649,593,644,1523,545,630,651,1623,651,593,3,359,0.47692307692307695
30,S-C-7314-04-CMP-001,trt,BRD-A22769835-300-05-7,1.9389,5.0,DMSO,A22769835,BRD-A22769835-300-05-7,homochlorcyclizine,antihistamine,BR00122249_24h,B09,4,487,530,487,523,1121,435,518,532,1236,532,487,3,355,0.03433649683649684
31,S-C-7314-04-CMP-001,trt,BRD-K98203492-001-06-9,2.0875,5.0,DMSO,K98203492,BRD-K98203492-003-04-1,GSK-J4,histone lysine demethylase inhibitor,BR00122249_24h,B10,4,369,393,369,386,805,345,385,398,902,398,369,3,355,0.4037037037037037
32,S-C-7314-04-CMP-001,trt,BRD-K06883221-001-02-9,2.0725,5.0,DMSO,K06883221,BRD-K06883221-001-01-9,apratastat,tumor necrosis factor production inhibitor,BR00122249_24h,B11,4,536,575,536,569,1109,495,565,577,1254,577,536,3,355,0.04681506633968433
33,S-C-7314-04-CMP-001,trt,BRD-K66430217-001-05-9,1.6909,5.0,DMSO,K66430217,BRD-K66430217-001-03-8,KH-CB19,CDC inhibitor,BR00122249_24h,B12,4,598,642,598,632,1220,558,626,647,1388,647,598,3,355,0.11320901320901322
34,S-C-7314-04-CMP-001,trt,BRD-K84937637-001-21-9,4.5709,5.0,DMSO,K84937637,BRD-K84937637-001-11-5,sirolimus,mTOR inhibitor,BR00122249_24h,B13,4,503,544,503,535,1314,469,526,547,1429,547,503,3,355,0.19896933132227249
35,S-C-7314-04-CMP-001,trt,BRD-K93942811-001-03-9,1.9224,5.0,DMSO,K93942811,BRD-K93942811-001-01-3,ML-323,ubiquitin specific protease inhibitor,BR00122249_24h,B14,4,528,578,528,570,1251,496,565,582,1358,582,528,3,355,0.029597953216374272
36,S-C-7314-04-CMP-001,trt,BRD-A53576514-048-02-8,2.3075,5.0,DMSO,A53576514,BRD-A53576514-048-14-3,orphenadrine,acetylcholine receptor antagonist,BR00122249_24h,B15,4,510,551,510,547,1073,470,540,554,1200,554,510,3,355,0.1329059829059829
37,S-C-7314-04-CMP-001,trt,BRD-K56932272-001-02-9,2.4378,5.0,DMSO,K56932272,BRD-K56932272-001-02-9,BMS-566419,inosine monophosphate dehydrogenase inhibitor,BR00122249_24h,B17,4,434,489,434,475,928,378,462,496,1017,496,434,3,355,0.059219074408947824
38,S-C-7314-04-CMP-001,trt,BRD-K24600306-003-02-9,2.3445,5.0,DMSO,K24600306,BRD-K24600306-003-02-9,ML-298,phospholipase inhibitor,BR00122249_24h,B18,4,540,583,540,577,1304,504,563,583,1434,583,540,3,355,0.11189083820662767
39,S-C-7314-04-CMP-001,trt,BRD-M87138257-003-01-1,2.3499,5.0,DMSO,M87138257,BRD-M87138257-003-01-1,acriflavine,hypoxia inducible factor inhibitor,BR00122249_24h,B19,4,110,140,110,124,179,102,124,205,268,205,110,3,355,1.0
40,S-C-7314-04-CMP-001,trt,BRD-K09372874-001-02-9,2.2623,5.0,DMSO,K09372874,BRD-K09372874-001-01-0,merimepodib,inosine monophosphate dehydrogenase inhibitor,BR00122249_24h,B20,4,459,496,459,491,940,439,485,502,1044,502,459,3,355,0.020673076923076922
41,S-C-7314-04-CMP-001,trt,BRD-K76908866-001-08-9,2.3477,5.0,DMSO,K76908866,BRD-K76908866-001-07-6,CP-724714,EGFR inhibitor,BR00122249_24h,B21,4,564,626,564,619,1316,491,606,627,1396,627,564,3,355,0.06686507936507936
42,S-C-7314-04-CMP-001,trt,BRD-K64881305-001-07-9,2.5853,5.0,DMSO,K64881305,BRD-K64881305-001-05-2,ispinesib,kinesin inhibitor,BR00122249_24h,B22,4,143,181,143,162,265,138,162,247,295,247,143,3,355,1.0
43,S-C-7314-04-CMP-001,trt,BRD-K49669041-001-10-9,2.3568,5.0,DMSO,K49669041,BRD-K49669041-001-08-4,BX-912,pyruvate dehydrogenase kinase inhibitor,BR00122249_24h,B24,4,332,363,332,357,912,313,354,368,1054,368,332,3,355,0.4777777777777778
44,S-C-7314-04-CMP-001,trt,BRD-K72951360-001-02-9,3.6182,5.0,DMSO,K72951360,BRD-K72951360-001-01-4,valrubicin,DNA inhibitor,BR00122249_24h,C01,4,214,241,214,236,567,209,234,250,668,250,214,3,355,1.0
45,S-C-7314-04-CMP-001,trt,BRD-K16189898-001-26-9,2.3267,5.0,DMSO,K16189898,BRD-K16189898-003-03-3,CHIR-99021,glycogen synthase kinase inhibitor,BR00122249_24h,C02,4,375,403,375,400,957,355,399,405,1076,405,375,3,355,0.05344129554655871
46,S-C-7314-04-CMP-001,trt,BRD-M87138257-003-01-1,2.3499,5.0,DMSO,M87138257,BRD-M87138257-003-01-1,acriflavine,hypoxia inducible factor inhibitor,BR00122249_24h,C03,4,128,147,128,137,201,125,137,211,275,211,128,3,355,1.0
47,S-C-7314-04-CMP-001,trt,BRD-K99433989-001-02-9,2.4503,5.0,DMSO,K99433989,BRD-K99433989-001-02-9,SAG,smoothened receptor agonist,BR00122249_24h,C04,4,501,551,501,544,1188,447,541,552,1284,552,501,3,355,1.0
48,S-C-7314-04-CMP-001,trt,BRD-K85776940-001-01-9,1.983,5.0,DMSO,K85776940,BRD-K85776940-001-01-9,delta-Tocotrienol,HMGCR inhibitor,BR00122249_24h,C05,4,511,560,511,555,1236,480,550,575,1394,575,511,3,355,0.01217355629120335
49,S-C-7314-04-CMP-001,trt,BRD-K70578146-001-13-9,0.16697,0.133,DMSO,K70578146,BRD-K70578146-001-09-1,DACTINOMYCIN,Apoptosis inducer (transcription inhibitor),BR00122249_24h,C07,4,266,302,266,294,797,260,294,313,940,313,266,3,359,0.2277167277167277
50,S-C-7314-04-CMP-001,trt,BRD-K97452254-001-02-9,2.3578,5.0,DMSO,K97452254,BRD-K97452254-001-01-3,AMG-925,CDK inhibitor,BR00122249_24h,C08,4,523,561,523,559,1324,493,552,561,1452,561,523,3,355,0.03796602538572097
51,S-C-7314-04-CMP-001,trt,BRD-K68756823-001-12-9,1.6367,5.0,DMSO,K68756823,BRD-K68756823-001-07-1,FR-180204,MAP kinase inhibitor,BR00122249_24h,C09,4,535,573,535,564,1153,494,557,575,1271,575,535,3,355,0.031409113762054935
52,S-C-7314-04-CMP-001,trt,BRD-K60130390-001-02-1,2.7335,5.0,DMSO,K60130390,BRD-K60130390-001-02-1,UNC0642,histone lysine methyltransferase inhibitor,BR00122249_24h,C10,4,541,591,541,583,1215,489,572,591,1320,591,541,3,355,0.6095238095238095
53,S-C-7314-04-CMP-001,trt,BRD-K98203492-001-06-9,2.0875,5.0,DMSO,K98203492,BRD-K98203492-003-04-1,GSK-J4,histone lysine demethylase inhibitor,BR00122249_24h,C11,4,358,393,358,385,837,345,384,401,971,401,358,3,355,0.6428571428571429
54,S-C-7314-04-CMP-001,trt,BRD-K57080016-001-19-1,2.2884,5.0,DMSO,K57080016,BRD-K57080016-001-01-9,selumetinib,MEK inhibitor,BR00122249_24h,C12,4,514,560,514,551,1164,487,544,563,1289,563,514,3,355,0.2886473429951691
55,S-C-7314-04-CMP-001,trt,BRD-K39520573-001-01-2,2.6047,5.0,DMSO,K39520573,BRD-K39520573-001-03-8,GW-5074,RAF inhibitor,BR00122249_24h,C13,4,494,545,494,536,967,458,529,547,1084,547,494,3,355,0.9166666666666666
56,S-C-7314-04-CMP-001,trt,BRD-K61397605-001-04-2,2.7035,5.0,DMSO,K61397605,BRD-K61397605-001-07-5,romidepsin,HDAC inhibitor,BR00122249_24h,C14,4,243,262,243,257,589,234,257,275,764,275,243,3,355,1.0
57,S-C-7314-04-CMP-001,trt,BRD-K61688984-001-04-5,1.812,5.0,DMSO,K61688984,BRD-K61688984-001-02-9,RGFP966,HDAC inhibitor,BR00122249_24h,C15,4,433,497,433,478,839,404,473,515,968,515,433,3,355,0.27777777777777773
58,S-C-7314-04-CMP-001,trt,BRD-K37379014-001-02-0,2.1024,5.0,DMSO,K37379014,BRD-K37379014-001-01-2,filanesib,kinesin inhibitor,BR00122249_24h,C16,4,128,174,128,149,223,111,149,281,279,281,128,3,355,1.0
59,S-C-7314-04-CMP-001,trt,BRD-K19477839-001-10-9,1.797,5.0,DMSO,K19477839,BRD-K19477839-001-07-6,SGX523,hepatocyte growth factor receptor inhibitor,BR00122249_24h,C17,4,477,519,477,516,1011,447,509,524,1131,524,477,3,355,0.03120650126913944
60,S-C-7314-04-CMP-001,trt,BRD-K28936863-051-14-0,2.1275,5.0,DMSO,K28936863,BRD-K28936863-051-32-2,ketotifen,phosphodiesterase inhibitor,BR00122249_24h,C18,4,544,589,544,580,1256,484,574,591,1373,591,544,3,355,0.14347826086956525
61,S-C-7314-04-CMP-001,trt,BRD-K67772619-001-06-9,1.4213,5.0,DMSO,K67772619,BRD-K67772619-001-05-1,rheochrysidin,protein tyrosine kinase inhibitor,BR00122249_24h,C19,4,453,495,453,486,893,421,483,501,994,501,453,3,355,1.0
62,S-C-7314-04-CMP-001,trt,BRD-A53576514-048-02-8,2.3075,5.0,DMSO,A53576514,BRD-A53576514-048-14-3,orphenadrine,acetylcholine receptor antagonist,BR00122249_24h,C20,4,466,518,466,502,1019,426,495,520,1137,520,466,3,355,0.024979187700373735
63,S-C-7314-04-CMP-001,trt,BRD-K91900765-001-09-9,2.1813,5.0,DMSO,K91900765,BRD-K91900765-001-08-4,VX-745,p38 MAPK inhibitor,BR00122249_24h,C21,4,512,574,512,560,1126,469,556,578,1271,578,512,3,355,0.32127659574468087
64,S-C-7314-04-CMP-001,trt,BRD-K56301217-001-02-5,4.0671,5.0,DMSO,K56301217,BRD-K56301217-001-07-4,ABT-737,BCL inhibitor,BR00122249_24h,C22,4,468,514,468,502,1057,438,499,516,1166,516,468,3,355,0.1261986546443395
65,S-C-7314-04-CMP-001,trt,BRD-K23383398-001-08-1,2.4067,5.0,DMSO,K23383398,BRD-K23383398-001-09-9,T-0901317,LXR agonist,BR00122249_24h,C23,4,518,555,518,547,1100,487,541,559,1231,559,518,3,355,0.3952991452991452
66,S-C-7314-04-CMP-001,trt,BRD-K24696047-001-03-9,2.1978,5.0,DMSO,K24696047,BRD-K24696047-001-02-3,NVP-AEW541,IGF-1 inhibitor,BR00122249_24h,C24,4,462,504,462,495,1019,394,490,507,1118,507,462,3,355,1.0
67,S-C-7314-04-CMP-001,trt,BRD-K00818915-001-02-9,1.7613,5.0,DMSO,K00818915,BRD-K00818915-003-01-8,SHP099,protein tyrosine kinase inhibitor,BR00122249_24h,D01,4,585,621,585,618,1405,546,608,622,1516,622,585,3,355,0.03996084189916789
68,S-C-7314-04-CMP-001,trt,BRD-K39974922-001-05-9,2.1343,5.0,DMSO,K39974922,BRD-K39974922-001-04-3,lenvatinib,FGFR inhibitor,BR00122249_24h,D02,4,489,526,489,519,1210,443,511,528,1328,528,489,3,355,0.4789272030651341
69,S-C-7314-04-CMP-001,trt,BRD-K61397605-001-04-2,2.7035,5.0,DMSO,K61397605,BRD-K61397605-001-07-5,romidepsin,HDAC inhibitor,BR00122249_24h,D03,4,266,284,266,275,596,256,274,296,780,296,266,3,355,1.0
70,S-C-7314-04-CMP-001,trt,BRD-K50055394-001-04-9,2.0844,5.0,DMSO,K50055394,BRD-K50055394-001-03-6,halopemide,phospholipase inhibitor,BR00122249_24h,D04,4,457,522,457,505,962,401,500,524,1068,524,457,3,355,0.031786754862587606
71,S-C-7314-04-CMP-001,trt,BRD-K49669041-001-10-9,2.3568,5.0,DMSO,K49669041,BRD-K49669041-001-08-4,BX-912,pyruvate dehydrogenase kinase inhibitor,BR00122249_24h,D05,4,335,375,335,366,1009,319,363,379,1158,379,335,3,355,0.3421744184910563
72,S-C-7314-04-CMP-001,trt,BRD-A12994259-001-11-9,1.3662,5.0,DMSO,A12994259,BRD-A12994259-001-02-1,pomalidomide,tumor necrosis factor production inhibitor,BR00122249_24h,D06,4,483,521,483,511,1022,441,507,527,1145,527,483,3,355,0.0465954373732669
73,S-C-7314-04-CMP-001,trt,BRD-K73982490-001-04-9,1.8969,5.0,DMSO,K73982490,BRD-K73982490-001-02-9,BI-78D3,JNK inhibitor,BR00122249_24h,D07,4,511,553,511,547,1169,479,538,556,1318,556,511,3,355,0.016642616642616643
74,S-C-7314-04-CMP-001,trt,BRD-K19871656-001-01-3,1.8291,5.0,DMSO,K19871656,BRD-K19871656-001-01-3,CPI-0610,bromodomain inhibitor,BR00122249_24h,D08,4,439,502,439,482,772,396,472,518,932,518,439,3,355,1.0
75,S-C-7314-04-CMP-001,trt,BRD-K68756823-001-12-9,1.6367,5.0,DMSO,K68756823,BRD-K68756823-001-07-1,FR-180204,MAP kinase inhibitor,BR00122249_24h,D09,4,502,560,502,556,1177,460,547,564,1324,564,502,3,355,0.020552454192801148
76,S-C-7314-04-CMP-001,trt,BRD-K63631219-001-01-6,1.1784,5.0,DMSO,K63631219,BRD-K63631219-001-01-6,quazinone,phosphodiesterase inhibitor,BR00122249_24h,D11,4,552,601,552,585,1141,507,579,605,1271,605,552,3,355,0.1959378733572282
77,S-C-7314-04-CMP-001,trt,BRD-K99113996-001-02-0,2.3127,5.0,DMSO,K99113996,BRD-K99113996-001-02-0,AZD2014,mTOR inhibitor,BR00122249_24h,D12,4,344,361,344,358,831,335,357,365,952,365,344,3,355,1.0
78,S-C-7314-04-CMP-001,trt,BRD-K99113996-001-02-0,2.3127,5.0,DMSO,K99113996,BRD-K99113996-001-02-0,AZD2014,mTOR inhibitor,BR00122249_24h,D13,4,378,404,378,399,992,370,399,405,1140,405,378,3,355,0.8333333333333334
79,S-C-7314-04-CMP-001,trt,BRD-K01826510-001-09-9,1.8745,5.0,DMSO,K01826510,BRD-K01826510-300-06-9,hydroxyzine,antihistamine,BR00122249_24h,D14,4,508,561,508,556,1105,482,548,567,1230,567,508,3,355,0.22561205273069676
80,S-C-7314-04-CMP-001,trt,BRD-K37379014-001-02-0,2.1024,5.0,DMSO,K37379014,BRD-K37379014-001-01-2,filanesib,kinesin inhibitor,BR00122249_24h,D15,4,135,195,135,167,276,129,167,322,348,322,135,3,355,1.0
81,S-C-7314-04-CMP-001,trt,BRD-K98251413-001-07-9,1.7617,5.0,DMSO,K98251413,BRD-K98251413-001-04-0,IOX2,hypoxia inducible factor inhibitor,BR00122249_24h,D16,4,471,513,471,503,956,436,497,518,1120,518,471,3,355,0.02709925733181547
82,S-C-7314-04-CMP-001,trt,BRD-K44227013-001-15-9,2.6628,5.0,DMSO,K44227013,BRD-K44227013-001-08-0,ponatinib,Bcr-Abl kinase inhibitor,BR00122249_24h,D17,4,138,162,138,155,409,131,155,176,498,176,138,3,355,1.0
83,S-C-7314-04-CMP-001,trt,BRD-K20290250-001-03-9,2.0624,5.0,DMSO,K20290250,BRD-K20290250-001-02-1,BIX-02188,MEK inhibitor,BR00122249_24h,D18,4,525,556,525,553,1193,490,545,557,1304,557,525,3,355,0.27777777777777773
84,S-C-7314-04-CMP-001,trt,BRD-K24696047-001-03-9,2.1978,5.0,DMSO,K24696047,BRD-K24696047-001-02-3,NVP-AEW541,IGF-1 inhibitor,BR00122249_24h,D19,4,472,513,472,502,1003,392,487,517,1085,517,472,3,355,1.0
85,S-C-7314-04-CMP-001,trt,BRD-K00818915-001-02-9,1.7613,5.0,DMSO,K00818915,BRD-K00818915-003-01-8,SHP099,protein tyrosine kinase inhibitor,BR00122249_24h,D20,4,526,586,526,570,1160,475,563,589,1267,589,526,3,355,0.02394039043741518
86,S-C-7314-04-CMP-001,trt,BRD-K03063480-001-08-9,2.0974,5.0,DMSO,K03063480,BRD-K03063480-001-06-6,PF-477736,CHK inhibitor,BR00122249_24h,D21,4,204,230,204,222,481,189,222,250,552,250,204,3,355,0.8333333333333334
87,S-C-7314-04-CMP-001,trt,BRD-K24696047-001-03-9,2.1978,5.0,DMSO,K24696047,BRD-K24696047-001-02-3,NVP-AEW541,IGF-1 inhibitor,BR00122249_24h,D22,4,440,512,440,499,914,372,486,517,977,517,440,3,355,1.0
88,S-C-7314-04-CMP-001,trt,BRD-K54759182-003-09-8,1.6595,5.0,DMSO,K54759182,BRD-K54759182-003-08-0,dosulepin,tricyclic antidepressant,BR00122249_24h,D23,4,475,511,475,503,984,450,499,513,1111,513,475,3,355,0.01994699168377308
89,S-C-7314-04-CMP-001,trt,BRD-K99092662-001-02-9,1.5286,5.0,DMSO,K99092662,BRD-K99092662-001-01-1,PS178990,androgen receptor modulator,BR00122249_24h,D24,4,505,547,505,537,1030,463,532,547,1138,547,505,3,355,0.010387280923191312
90,S-C-7314-04-CMP-001,trt,BRD-K00818915-001-02-9,1.7613,5.0,DMSO,K00818915,BRD-K00818915-003-01-8,SHP099,protein tyrosine kinase inhibitor,BR00122249_24h,E01,4,538,580,538,578,1218,507,572,582,1330,582,538,3,355,0.015060753024083447
91,S-C-7314-04-CMP-001,trt,BRD-K39974922-001-05-9,2.1343,5.0,DMSO,K39974922,BRD-K39974922-001-04-3,lenvatinib,FGFR inhibitor,BR00122249_24h,E02,4,525,576,525,570,1288,479,554,579,1376,579,525,3,355,0.5833333333333334
92,S-C-7314-04-CMP-001,trt,BRD-K19871656-001-01-3,1.8291,5.0,DMSO,K19871656,BRD-K19871656-001-01-3,CPI-0610,bromodomain inhibitor,BR00122249_24h,E03,4,473,542,473,521,873,431,518,551,1012,551,473,3,355,0.3785220627325891
93,S-C-7314-04-CMP-001,trt,BRD-K98203492-001-06-9,2.0875,5.0,DMSO,K98203492,BRD-K98203492-003-04-1,GSK-J4,histone lysine demethylase inhibitor,BR00122249_24h,E04,4,409,449,409,437,991,383,433,454,1098,454,409,3,355,0.09061400522074681
94,S-C-7314-04-CMP-001,trt,BRD-K28936863-051-14-0,2.1275,5.0,DMSO,K28936863,BRD-K28936863-051-32-2,ketotifen,phosphodiesterase inhibitor,BR00122249_24h,E05,4,570,619,570,617,1438,524,608,619,1557,619,570,3,355,0.058082497212931995
95,S-C-7314-04-CMP-001,trt,BRD-K04923131-001-17-9,1.7809,5.0,DMSO,K04923131,BRD-K04923131-001-15-4,GSK-3-inhibitor-IX,glycogen synthase kinase inhibitor,BR00122249_24h,E06,4,253,278,253,270,679,213,270,281,844,281,253,3,355,1.0
96,S-C-7314-04-CMP-001,trt,BRD-K36234266-001-10-6,1.0702,5.0,DMSO,K36234266,BRD-K36234266-001-09-8,carmustine,DNA inhibitor,BR00122249_24h,E07,4,568,607,568,604,1368,528,592,609,1506,609,568,3,355,0.010981531642452599
97,S-C-7314-04-CMP-001,trt,BRD-K44227013-001-15-9,2.6628,5.0,DMSO,K44227013,BRD-K44227013-001-08-0,ponatinib,Bcr-Abl kinase inhibitor,BR00122249_24h,E08,4,156,171,156,167,397,147,165,194,504,194,156,3,355,1.0
98,S-C-7314-04-CMP-001,trt,BRD-K85606544-001-07-5,2.7852,5.0,DMSO,K85606544,BRD-K85606544-001-09-1,neratinib,EGFR inhibitor,BR00122249_24h,E09,4,369,395,369,391,972,343,386,396,1071,396,369,3,355,0.10014781966001478
99,S-C-7314-04-CMP-001,trt,BRD-K13094524-001-10-9,1.7369,5.0,DMSO,K13094524,BRD-K13094524-001-04-2,PFI-1,bromodomain inhibitor,BR00122249_24h,E10,4,439,498,439,478,758,405,473,508,898,508,439,3,355,0.5793650793650794
100,S-C-7314-04-CMP-001,trt,BRD-K83607951-001-04-9,2.1271,5.0,DMSO,K83607951,BRD-K83607951-001-02-2,skepinone-l,p38 MAPK inhibitor,BR00122249_24h,E11,4,419,466,419,458,879,392,453,468,1007,468,419,3,355,0.5227272727272727
101,S-C-7314-04-CMP-001,trt,BRD-M87138257-003-01-1,2.3499,5.0,DMSO,M87138257,BRD-M87138257-003-01-1,acriflavine,hypoxia inducible factor inhibitor,BR00122249_24h,E12,4,123,154,123,138,200,118,138,214,292,214,123,3,355,1.0
102,S-C-7314-04-CMP-001,trt,BRD-K76908866-001-08-9,2.3477,5.0,DMSO,K76908866,BRD-K76908866-001-07-6,CP-724714,EGFR inhibitor,BR00122249_24h,E14,4,509,545,509,542,1118,458,536,545,1236,545,509,3,355,0.14722222222222223
103,S-C-7314-04-CMP-001,trt,BRD-K24696047-001-03-9,2.1978,5.0,DMSO,K24696047,BRD-K24696047-001-02-3,NVP-AEW541,IGF-1 inhibitor,BR00122249_24h,E15,4,424,472,424,456,890,364,446,475,967,475,424,3,355,1.0
104,S-C-7314-04-CMP-001,trt,BRD-K54759182-003-09-8,1.6595,5.0,DMSO,K54759182,BRD-K54759182-003-08-0,dosulepin,tricyclic antidepressant,BR00122249_24h,E16,4,532,578,532,573,1128,495,564,581,1241,581,532,3,355,0.009225255031706644
105,S-C-7314-04-CMP-001,trt,BRD-K84937637-001-21-9,4.5709,5.0,DMSO,K84937637,BRD-K84937637-001-11-5,sirolimus,mTOR inhibitor,BR00122249_24h,E17,4,430,463,430,458,1163,411,453,465,1308,465,430,3,355,0.13421666053245
106,S-C-7314-04-CMP-001,trt,BRD-K88677950-001-04-9,2.3812,5.0,DMSO,K88677950,BRD-K88677950-001-03-9,PD-198306,MAP kinase inhibitor,BR00122249_24h,E18,4,563,611,563,608,1218,507,593,618,1353,618,563,3,355,0.036021552736669016
107,S-C-7314-04-CMP-001,trt,BRD-K03063480-001-08-9,2.0974,5.0,DMSO,K03063480,BRD-K03063480-001-06-6,PF-477736,CHK inhibitor,BR00122249_24h,E19,4,234,271,234,258,517,223,257,293,593,293,234,3,355,1.0
108,S-C-7314-04-CMP-001,trt,BRD-K09372874-001-02-9,2.2623,5.0,DMSO,K09372874,BRD-K09372874-001-01-0,merimepodib,inosine monophosphate dehydrogenase inhibitor,BR00122249_24h,E20,4,358,391,358,380,676,335,379,395,777,395,358,3,355,0.11754036650302209
109,S-C-7314-04-CMP-001,trt,BRD-K69023402-001-03-3,0.2167,0.333,DMSO,K69023402,BRD-K69023402-001-07-4,Thapsigargin,ER stressor (SERCA inhibitor),BR00122249_24h,E21,4,252,268,252,259,615,246,259,275,745,275,252,3,359,0.9166666666666666
110,S-C-7314-04-CMP-001,trt,BRD-K56932272-001-02-9,2.4378,5.0,DMSO,K56932272,BRD-K56932272-001-02-9,BMS-566419,inosine monophosphate dehydrogenase inhibitor,BR00122249_24h,E22,4,434,485,434,474,934,396,469,490,1026,490,434,3,355,0.07127450980392157
111,S-C-7314-04-CMP-001,trt,BRD-K32730239-001-03-9,1.3065,5.0,DMSO,K32730239,BRD-K32730239-001-01-0,SU3327,JNK inhibitor,BR00122249_24h,E23,4,402,424,402,417,800,376,411,428,911,428,402,3,355,0.019768653539454704
112,S-C-7314-04-CMP-001,trt,BRD-K16189898-001-26-9,2.3267,5.0,DMSO,K16189898,BRD-K16189898-003-03-3,CHIR-99021,glycogen synthase kinase inhibitor,BR00122249_24h,F01,4,416,433,416,432,975,385,425,434,1102,434,416,3,355,0.7291666666666666
113,S-C-7314-04-CMP-001,trt,BRD-K73982490-001-04-9,1.8969,5.0,DMSO,K73982490,BRD-K73982490-001-02-9,BI-78D3,JNK inhibitor,BR00122249_24h,F02,4,520,539,520,533,1126,503,532,539,1232,539,520,3,355,0.014519739519739519
114,S-C-7314-04-CMP-001,trt,BRD-K86718786-001-03-9,1.4917,5.0,DMSO,K86718786,BRD-K86718786-001-03-9,SGC-707,protein arginine N-methyltransferase inhibitor,BR00122249_24h,F03,4,555,588,555,582,1204,518,576,592,1324,592,555,3,355,0.03667451148195692
115,S-C-7314-04-CMP-001,trt,BRD-K61397605-001-04-2,2.7035,5.0,DMSO,K61397605,BRD-K61397605-001-07-5,romidepsin,HDAC inhibitor,BR00122249_24h,F04,4,282,317,282,306,670,273,305,332,895,332,282,3,355,0.6858974358974358
116,S-C-7314-04-CMP-001,trt,BRD-K56301217-001-02-5,4.0671,5.0,DMSO,K56301217,BRD-K56301217-001-07-4,ABT-737,BCL inhibitor,BR00122249_24h,F05,4,418,459,418,448,941,383,442,466,1040,466,418,3,355,0.17423852423852423
117,S-C-7314-04-CMP-001,trt,BRD-K70642949-001-06-9,2.313,5.0,DMSO,K70642949,BRD-K70642949-001-04-5,GSK2334470,phosphoinositide dependent kinase inhibitor,BR00122249_24h,F06,4,463,505,463,503,1140,441,499,508,1257,508,463,3,355,0.8095238095238096
118,S-C-7314-04-CMP-001,trt,BRD-K91900765-001-09-9,2.1813,5.0,DMSO,K91900765,BRD-K91900765-001-08-4,VX-745,p38 MAPK inhibitor,BR00122249_24h,F07,4,493,551,493,541,1158,456,535,557,1268,557,493,3,355,0.08950304259634889
119,S-C-7314-04-CMP-001,trt,BRD-A22769835-300-05-7,1.9389,5.0,DMSO,A22769835,BRD-A22769835-300-05-7,homochlorcyclizine,antihistamine,BR00122249_24h,F08,4,551,611,551,597,1231,484,587,612,1341,612,551,3,355,0.3857142857142857
120,S-C-7314-04-CMP-001,trt,BRD-K94455792-001-01-8,2.7432,5.0,DMSO,K94455792,BRD-K94455792-001-01-8,ICG-001,beta-catenin inhibitor,BR00122249_24h,F09,4,394,419,394,412,897,376,411,424,991,424,394,3,355,0.09230185817216534
121,S-C-7314-04-CMP-001,trt,BRD-K12737986-001-01-4,1.2215,5.0,DMSO,K12737986,BRD-K12737986-001-01-4,veliparib,PARP inhibitor,BR00122249_24h,F10,4,412,451,412,440,834,382,434,454,964,454,412,3,355,0.09366167385969366
122,S-C-7314-04-CMP-001,trt,BRD-K64881305-001-07-9,2.5853,5.0,DMSO,K64881305,BRD-K64881305-001-05-2,ispinesib,kinesin inhibitor,BR00122249_24h,F11,4,132,184,132,166,285,125,165,255,340,255,132,3,355,1.0
123,S-C-7314-04-CMP-001,trt,BRD-K66401437-001-03-3,2.8303,5.0,DMSO,K66401437,BRD-K66401437-001-03-3,THZ1,CDK inhibitor,BR00122249_24h,F12,4,107,114,107,111,271,106,111,130,317,130,107,3,355,1.0
124,S-C-7314-04-CMP-001,trt,BRD-K21728777-001-03-9,2.5179,5.0,DMSO,K21728777,BRD-K21728777-001-02-3,AMG900,Aurora kinase inhibitor,BR00122249_24h,F13,4,244,263,244,261,764,241,261,270,909,270,244,3,355,0.6706507304116865
125,S-C-7314-04-CMP-001,trt,BRD-K85606544-001-07-5,2.7852,5.0,DMSO,K85606544,BRD-K85606544-001-09-1,neratinib,EGFR inhibitor,BR00122249_24h,F14,4,355,383,355,380,898,325,375,383,987,383,355,3,355,0.3206349206349206
126,S-C-7314-04-CMP-001,trt,BRD-K13606314-001-02-9,1.7411,5.0,DMSO,K13606314,BRD-K13606314-001-01-3,P5091,ubiquitin specific protease inhibitor,BR00122249_24h,F15,4,472,513,472,501,891,431,494,518,1011,518,472,3,355,0.12025709260117041
127,S-C-7314-04-CMP-001,trt,BRD-K82164249-001-03-5,2.2068,5.0,DMSO,K82164249,BRD-K82164249-001-03-5,andarine,androgen receptor modulator,BR00122249_24h,F16,4,547,609,547,592,1076,496,578,613,1208,613,547,3,355,0.046910430839002266
128,S-C-7314-04-CMP-001,trt,BRD-K23383398-001-08-1,2.4067,5.0,DMSO,K23383398,BRD-K23383398-001-09-9,T-0901317,LXR agonist,BR00122249_24h,F17,4,475,517,475,503,1052,443,499,521,1151,521,475,3,355,0.17739385727190604
129,S-C-7314-04-CMP-001,trt,BRD-K37379014-001-02-0,2.1024,5.0,DMSO,K37379014,BRD-K37379014-001-01-2,filanesib,kinesin inhibitor,BR00122249_24h,F18,4,93,151,93,123,203,84,122,251,273,251,93,3,355,1.0
130,S-C-7314-04-CMP-001,trt,BRD-K83607951-001-04-9,2.1271,5.0,DMSO,K83607951,BRD-K83607951-001-02-2,skepinone-l,p38 MAPK inhibitor,BR00122249_24h,F19,4,444,506,444,480,856,390,477,509,971,509,444,3,355,0.05032679738562091
131,S-C-7314-04-CMP-001,trt,BRD-K88677950-001-04-9,2.3812,5.0,DMSO,K88677950,BRD-K88677950-001-03-9,PD-198306,MAP kinase inhibitor,BR00122249_24h,F20,4,484,511,484,505,994,463,503,516,1125,516,484,3,355,0.03304546356958507
132,S-C-7314-04-CMP-001,trt,BRD-K17953061-001-05-1,0.012596,0.027,DMSO,K17953061,BRD-K17953061-001-14-3,Staurosporine,Apoptosis inducer (ATP-competitive kinase inhibitor),BR00122249_24h,F22,4,320,379,320,360,713,269,357,408,827,408,320,3,359,0.8055555555555555
133,S-C-7314-04-CMP-001,trt,BRD-K19871656-001-01-3,1.8291,5.0,DMSO,K19871656,BRD-K19871656-001-01-3,CPI-0610,bromodomain inhibitor,BR00122249_24h,F23,4,485,543,485,517,767,426,516,570,883,570,485,3,355,0.07767195767195767
134,S-C-7314-04-CMP-001,trt,BRD-K23383398-001-08-1,2.4067,5.0,DMSO,K23383398,BRD-K23383398-001-09-9,T-0901317,LXR agonist,BR00122249_24h,F24,4,499,541,499,525,1004,466,521,545,1152,545,499,3,355,0.04408996800301149
135,S-C-7314-04-CMP-001,trt,BRD-K86718786-001-03-9,1.4917,5.0,DMSO,K86718786,BRD-K86718786-001-03-9,SGC-707,protein arginine N-methyltransferase inhibitor,BR00122249_24h,G01,4,493,538,493,532,1023,469,526,541,1145,541,493,3,355,0.019285764106856385
136,S-C-7314-04-CMP-001,trt,BRD-K20290250-001-03-9,2.0624,5.0,DMSO,K20290250,BRD-K20290250-001-02-1,BIX-02188,MEK inhibitor,BR00122249_24h,G02,4,568,601,568,598,1415,533,589,601,1514,601,568,3,355,0.6870748299319729
137,S-C-7314-04-CMP-001,trt,BRD-K72951360-001-02-9,3.6182,5.0,DMSO,K72951360,BRD-K72951360-001-01-4,valrubicin,DNA inhibitor,BR00122249_24h,G04,4,295,312,295,306,770,288,306,316,875,316,295,3,355,1.0
138,S-C-7314-04-CMP-001,trt,BRD-K53665955-001-05-9,2.3097,5.0,DMSO,K53665955,BRD-K53665955-001-03-0,MK-5108,Aurora kinase inhibitor,BR00122249_24h,G05,4,450,504,450,497,1057,423,492,509,1181,509,450,3,355,0.348130081300813
139,S-C-7314-04-CMP-001,trt,BRD-K82164249-001-03-5,2.2068,5.0,DMSO,K82164249,BRD-K82164249-001-03-5,andarine,androgen receptor modulator,BR00122249_24h,G06,4,464,484,464,480,932,432,473,495,1072,495,464,3,355,0.20604628619895796
140,S-C-7314-04-CMP-001,trt,BRD-K06182768-001-02-3,1.6472,5.0,DMSO,K06182768,BRD-K06182768-001-06-4,A-366,histone lysine methyltransferase inhibitor,BR00122249_24h,G07,4,498,534,498,529,1146,459,523,538,1263,538,498,3,355,0.013945396991102142
141,S-C-7314-04-CMP-001,trt,BRD-K62391742-001-19-9,4.3422,5.0,DMSO,K62391742,BRD-K62391742-001-03-0,venetoclax,BCL inhibitor,BR00122249_24h,G08,4,565,623,565,615,1323,515,595,624,1431,624,565,3,355,0.03157681229970386
142,S-C-7314-04-CMP-001,trt,BRD-K60130390-001-02-1,2.7335,5.0,DMSO,K60130390,BRD-K60130390-001-02-1,UNC0642,histone lysine methyltransferase inhibitor,BR00122249_24h,G09,4,523,563,523,560,1204,485,553,565,1300,565,523,3,355,1.0
143,S-C-7314-04-CMP-001,trt,BRD-K00818915-001-02-9,1.7613,5.0,DMSO,K00818915,BRD-K00818915-003-01-8,SHP099,protein tyrosine kinase inhibitor,BR00122249_24h,G10,4,473,506,473,495,1014,447,493,512,1322,512,473,3,355,0.12165831244778613
144,S-C-7314-04-CMP-001,trt,BRD-K61397605-001-04-2,2.7035,5.0,DMSO,K61397605,BRD-K61397605-001-07-5,romidepsin,HDAC inhibitor,BR00122249_24h,G11,4,281,304,281,294,635,274,294,324,832,324,281,3,355,0.426197458455523
145,S-C-7314-04-CMP-001,trt,BRD-K73982490-001-04-9,1.8969,5.0,DMSO,K73982490,BRD-K73982490-001-02-9,BI-78D3,JNK inhibitor,BR00122249_24h,G12,4,510,553,510,546,1052,472,534,556,1165,556,510,3,355,0.02804801407742584
146,S-C-7314-04-CMP-001,trt,BRD-K98251413-001-07-9,1.7617,5.0,DMSO,K98251413,BRD-K98251413-001-04-0,IOX2,hypoxia inducible factor inhibitor,BR00122249_24h,G13,4,532,571,532,561,1049,486,554,574,1188,574,532,3,355,0.048810433264214775
147,S-C-7314-04-CMP-001,trt,BRD-K61688984-001-04-5,1.812,5.0,DMSO,K61688984,BRD-K61688984-001-02-9,RGFP966,HDAC inhibitor,BR00122249_24h,G14,4,406,439,406,427,775,379,424,444,908,444,406,3,355,0.05285613970812725
148,S-C-7314-04-CMP-001,trt,BRD-K16189898-001-26-9,2.3267,5.0,DMSO,K16189898,BRD-K16189898-003-03-3,CHIR-99021,glycogen synthase kinase inhibitor,BR00122249_24h,G15,4,427,455,427,451,985,398,449,458,1105,458,427,3,355,0.5043668122270742
149,S-C-7314-04-CMP-001,trt,BRD-K66430217-001-05-9,1.6909,5.0,DMSO,K66430217,BRD-K66430217-001-03-8,KH-CB19,CDC inhibitor,BR00122249_24h,G16,4,520,590,520,570,1064,487,555,592,1229,592,520,3,355,0.06503908976685746
150,S-C-7314-04-CMP-001,trt,BRD-K75009076-001-04-9,1.8813,5.0,DMSO,K75009076,BRD-K75009076-001-02-1,SCH-900776,CHK inhibitor,BR00122249_24h,G17,4,332,355,332,350,819,323,347,366,926,366,332,3,355,0.6702380952380952
151,S-C-7314-04-CMP-001,trt,BRD-K38627885-001-01-9,2.0674,5.0,DMSO,K38627885,BRD-K38627885-001-01-9,APY0201,phosphoinositide dependent kinase inhibitor,BR00122249_24h,G18,4,144,158,144,155,606,140,155,172,795,172,144,3,355,1.0
152,S-C-7314-04-CMP-001,trt,BRD-A12994259-001-11-9,1.3662,5.0,DMSO,A12994259,BRD-A12994259-001-02-1,pomalidomide,tumor necrosis factor production inhibitor,BR00122249_24h,G19,4,440,495,440,479,884,405,473,498,973,498,440,3,355,0.02212602212602213
153,S-C-7314-04-CMP-001,trt,BRD-K87632963-001-05-9,2.0918,5.0,DMSO,K87632963,BRD-K87632963-001-05-9,GNF-5,Bcr-Abl kinase inhibitor,BR00122249_24h,G20,4,479,524,479,508,856,450,502,529,993,529,479,3,355,0.5166666666666667
154,S-C-7314-04-CMP-001,trt,BRD-K49669041-001-10-9,2.3568,5.0,DMSO,K49669041,BRD-K49669041-001-08-4,BX-912,pyruvate dehydrogenase kinase inhibitor,BR00122249_24h,G21,4,299,334,299,331,897,288,331,341,1020,341,299,3,355,0.008518695393232087
155,S-C-7314-04-CMP-001,trt,BRD-A22769835-300-05-7,1.9389,5.0,DMSO,A22769835,BRD-A22769835-300-05-7,homochlorcyclizine,antihistamine,BR00122249_24h,G22,4,568,629,568,618,1292,499,597,631,1379,631,568,3,355,0.5593578369243768
156,S-C-7314-04-CMP-001,trt,BRD-K86118762-001-05-9,2.1075,5.0,DMSO,K86118762,BRD-K86118762-001-08-9,linsitinib,IGF-1 inhibitor,BR00122249_24h,G23,4,481,527,481,513,1028,434,504,528,1116,528,481,3,355,0.9166666666666666
157,S-C-7314-04-CMP-001,trt,BRD-K39520573-001-01-2,2.6047,5.0,DMSO,K39520573,BRD-K39520573-001-03-8,GW-5074,RAF inhibitor,BR00122249_24h,G24,4,516,551,516,533,919,477,532,552,1054,552,516,3,355,0.023092744951383696
158,S-C-7314-04-CMP-001,trt,BRD-K50055394-001-04-9,2.0844,5.0,DMSO,K50055394,BRD-K50055394-001-03-6,halopemide,phospholipase inhibitor,BR00122249_24h,H01,4,462,505,462,494,932,416,485,507,1035,507,462,3,355,0.4708860759493671
159,S-C-7314-04-CMP-001,trt,BRD-K25433859-003-03-1,1.5693,5.0,DMSO,K25433859,BRD-K25433859-003-23-9,maprotiline,tricyclic antidepressant,BR00122249_24h,H02,4,461,514,461,508,1085,427,505,516,1195,516,461,3,355,0.30757575757575756
160,S-C-7314-04-CMP-001,trt,BRD-K53972329-001-12-9,1.5318,5.0,DMSO,K53972329,BRD-K53972329-001-07-0,ruxolitinib,JAK inhibitor,BR00122249_24h,H03,4,589,629,589,621,1186,553,610,630,1309,630,589,3,355,0.06518860267418514
161,S-C-7314-04-CMP-001,trt,BRD-K91900765-001-09-9,2.1813,5.0,DMSO,K91900765,BRD-K91900765-001-08-4,VX-745,p38 MAPK inhibitor,BR00122249_24h,H04,4,516,560,516,557,1151,485,546,561,1294,561,516,3,355,0.035428934521113294
162,S-C-7314-04-CMP-001,trt,BRD-K39974922-001-05-9,2.1343,5.0,DMSO,K39974922,BRD-K39974922-001-04-3,lenvatinib,FGFR inhibitor,BR00122249_24h,H05,4,522,576,522,569,1255,481,563,577,1384,577,522,3,355,0.2558441558441558
163,S-C-7314-04-CMP-001,trt,BRD-K39520573-001-01-2,2.6047,5.0,DMSO,K39520573,BRD-K39520573-001-03-8,GW-5074,RAF inhibitor,BR00122249_24h,H07,4,474,500,474,493,962,442,487,508,1081,508,474,3,355,0.34372637944066514
164,S-C-7314-04-CMP-001,trt,BRD-K73397362-001-09-9,2.6031,5.0,DMSO,K73397362,BRD-K73397362-001-06-6,purmorphamine,smoothened receptor agonist,BR00122249_24h,H08,4,460,499,460,491,1085,406,484,499,1193,499,460,3,355,0.10948275862068967
165,S-C-7314-04-CMP-001,trt,BRD-K45909031-001-03-9,2.4849,5.0,DMSO,K45909031,BRD-K45909031-001-01-5,WZ4003,AMPK inhibitor,BR00122249_24h,H09,4,485,526,485,523,1203,450,515,527,1308,527,485,3,359,0.5555555555555555
166,S-C-7314-04-CMP-001,trt,BRD-K53972329-001-12-9,1.5318,5.0,DMSO,K53972329,BRD-K53972329-001-07-0,ruxolitinib,JAK inhibitor,BR00122249_24h,H10,4,523,576,523,567,1011,493,561,582,1177,582,523,3,355,0.015018523795953262
167,S-C-7314-04-CMP-001,trt,BRD-K70446295-001-04-9,1.9172,5.0,DMSO,K70446295,BRD-K70446295-001-01-7,EPZ015666,protein arginine N-methyltransferase inhibitor,BR00122249_24h,H11,4,479,507,479,498,1006,438,495,511,1143,511,479,3,355,0.04122448979591837
168,S-C-7314-04-CMP-001,trt,BRD-K16189898-001-26-9,2.3267,5.0,DMSO,K16189898,BRD-K16189898-003-03-3,CHIR-99021,glycogen synthase kinase inhibitor,BR00122249_24h,H12,4,383,425,383,419,889,350,412,430,1019,430,383,3,355,0.5597572362278244
169,S-C-7314-04-CMP-001,trt,BRD-K16803204-001-02-9,2.1275,5.0,DMSO,K16803204,BRD-K16803204-001-01-6,filgotinib,JAK inhibitor,BR00122249_24h,H13,4,434,464,434,457,831,418,453,472,977,472,434,3,355,0.03721270229838161
170,S-C-7314-04-CMP-001,trt,BRD-K06182768-001-02-3,1.6472,5.0,DMSO,K06182768,BRD-K06182768-001-06-4,A-366,histone lysine methyltransferase inhibitor,BR00122249_24h,H14,4,518,561,518,552,1053,470,539,562,1147,562,518,3,355,0.34216988503181156
171,S-C-7314-04-CMP-001,trt,BRD-K99092662-001-02-9,1.5286,5.0,DMSO,K99092662,BRD-K99092662-001-01-1,PS178990,androgen receptor modulator,BR00122249_24h,H15,4,457,519,457,506,938,416,500,525,1079,525,457,3,355,0.009000349698177848
172,S-C-7314-04-CMP-001,trt,BRD-K87632963-001-05-9,2.0918,5.0,DMSO,K87632963,BRD-K87632963-001-05-9,GNF-5,Bcr-Abl kinase inhibitor,BR00122249_24h,H16,4,490,535,490,514,838,456,514,545,1012,545,490,3,355,0.24400871459694992
173,S-C-7314-04-CMP-001,trt,BRD-K86118762-001-05-9,2.1075,5.0,DMSO,K86118762,BRD-K86118762-001-08-9,linsitinib,IGF-1 inhibitor,BR00122249_24h,H17,4,392,429,392,426,877,358,419,432,968,432,392,3,355,1.0
174,S-C-7314-04-CMP-001,trt,BRD-K13094524-001-10-9,1.7369,5.0,DMSO,K13094524,BRD-K13094524-001-04-2,PFI-1,bromodomain inhibitor,BR00122249_24h,H18,4,451,546,451,512,798,397,509,571,948,571,451,3,355,0.3663817663817664
175,S-C-7314-04-CMP-001,trt,BRD-K04923131-001-17-9,1.7809,5.0,DMSO,K04923131,BRD-K04923131-001-15-4,GSK-3-inhibitor-IX,glycogen synthase kinase inhibitor,BR00122249_24h,H19,4,211,235,211,229,527,184,226,241,691,241,211,3,355,1.0
176,S-C-7314-04-CMP-001,trt,BRD-K86118762-001-05-9,2.1075,5.0,DMSO,K86118762,BRD-K86118762-001-08-9,linsitinib,IGF-1 inhibitor,BR00122249_24h,H20,4,484,517,484,506,1060,440,502,518,1135,518,484,3,355,0.6428571428571429
177,S-C-7314-04-CMP-001,trt,BRD-K72898849-001-03-9,2.5469,5.0,DMSO,K72898849,BRD-K72898849-001-01-8,BLU9931,FGFR inhibitor,BR00122249_24h,H21,4,436,464,436,458,1115,422,457,464,1249,464,436,3,355,0.11951732085960275
178,S-C-7314-04-CMP-001,trt,BRD-K16803204-001-02-9,2.1275,5.0,DMSO,K16803204,BRD-K16803204-001-01-6,filgotinib,JAK inhibitor,BR00122249_24h,H22,4,537,600,537,585,1133,499,581,605,1274,605,537,3,355,0.6761904761904761
179,S-C-7314-04-CMP-001,trt,BRD-K83192048-050-01-9,2.0425,5.0,DMSO,K83192048,BRD-K83192048-050-03-5,dimethindene-(S)-(+),acetylcholine receptor antagonist,BR00122249_24h,H23,4,539,589,539,578,1179,496,567,592,1295,592,539,3,355,0.23030303030303031
180,S-C-7314-04-CMP-001,trt,BRD-K03063480-001-08-9,2.0974,5.0,DMSO,K03063480,BRD-K03063480-001-06-6,PF-477736,CHK inhibitor,BR00122249_24h,H24,4,143,160,143,156,328,137,156,181,414,181,143,3,355,0.5333333333333333
181,S-C-7314-04-CMP-001,trt,BRD-K99092662-001-02-9,1.5286,5.0,DMSO,K99092662,BRD-K99092662-001-01-1,PS178990,androgen receptor modulator,BR00122249_24h,I01,4,480,525,480,518,1091,461,515,528,1229,528,480,3,355,0.011257697526354244
182,S-C-7314-04-CMP-001,trt,BRD-K33818169-003-04-6,3.0926,5.0,DMSO,K33818169,BRD-K33818169-003-04-6,GW-3965,LXR agonist,BR00122249_24h,I02,4,491,522,491,517,1151,466,516,528,1289,528,491,3,355,0.09311546840958607
183,S-C-7314-04-CMP-001,trt,BRD-K20290250-001-03-9,2.0624,5.0,DMSO,K20290250,BRD-K20290250-001-02-1,BIX-02188,MEK inhibitor,BR00122249_24h,I03,4,525,572,525,565,1185,477,558,574,1298,574,525,3,355,0.6916666666666668
184,S-C-7314-04-CMP-001,trt,BRD-K53972329-001-12-9,1.5318,5.0,DMSO,K53972329,BRD-K53972329-001-07-0,ruxolitinib,JAK inhibitor,BR00122249_24h,I04,4,539,581,539,575,1136,499,560,585,1285,585,539,3,355,0.02019072153300341
185,S-C-7314-04-CMP-001,trt,BRD-K70642949-001-06-9,2.313,5.0,DMSO,K70642949,BRD-K70642949-001-04-5,GSK2334470,phosphoinositide dependent kinase inhibitor,BR00122249_24h,I05,4,502,529,502,525,1190,477,515,530,1308,530,502,3,355,1.0
186,S-C-7314-04-CMP-001,trt,BRD-K19871656-001-01-3,1.8291,5.0,DMSO,K19871656,BRD-K19871656-001-01-3,CPI-0610,bromodomain inhibitor,BR00122249_24h,I06,4,454,519,454,493,817,414,491,531,1011,531,454,3,355,0.01329442725533671
187,S-C-7314-04-CMP-001,trt,BRD-K12511835-003-03-9,1.6309,5.0,DMSO,K12511835,BRD-K12511835-003-01-2,BMS-863233,CDC inhibitor,BR00122249_24h,I07,4,462,501,462,498,1082,447,494,503,1248,503,462,3,355,1.0
188,S-C-7314-04-CMP-001,trt,BRD-K69023402-001-03-3,0.2167,0.333,DMSO,K69023402,BRD-K69023402-001-07-4,Thapsigargin,ER stressor (SERCA inhibitor),BR00122249_24h,I08,4,219,229,219,227,625,219,227,240,724,240,219,3,359,0.6666666666666666
189,S-C-7314-04-CMP-001,trt,BRD-K57080016-001-19-1,2.2884,5.0,DMSO,K57080016,BRD-K57080016-001-01-9,selumetinib,MEK inhibitor,BR00122249_24h,I09,4,586,627,586,621,1431,555,613,629,1564,629,586,3,355,0.34867698726394375
190,S-C-7314-04-CMP-001,trt,BRD-K02965346-001-01-8,2.8404,5.0,DMSO,K02965346,BRD-K02965346-001-07-5,SU-11274,hepatocyte growth factor receptor inhibitor,BR00122249_24h,I10,4,395,427,395,419,938,356,414,430,1015,430,395,3,355,1.0
191,S-C-7314-04-CMP-001,trt,BRD-K13606314-001-02-9,1.7411,5.0,DMSO,K13606314,BRD-K13606314-001-01-3,P5091,ubiquitin specific protease inhibitor,BR00122249_24h,I11,4,487,540,487,531,1143,457,521,542,1281,542,487,3,355,0.012051713268000946
192,S-C-7314-04-CMP-001,trt,BRD-K67578145-001-13-9,1.6719,5.0,DMSO,K67578145,BRD-K67578145-001-09-7,GDC-0879,RAF inhibitor,BR00122249_24h,I12,4,440,495,440,478,853,409,474,502,1001,502,440,3,355,0.0214585094725772
193,S-C-7314-04-CMP-001,trt,BRD-K66430217-001-05-9,1.6909,5.0,DMSO,K66430217,BRD-K66430217-001-03-8,KH-CB19,CDC inhibitor,BR00122249_24h,I13,4,475,527,475,516,935,447,508,531,1061,531,475,3,355,0.18263607737291945
194,S-C-7314-04-CMP-001,trt,BRD-K53665955-001-05-9,2.3097,5.0,DMSO,K53665955,BRD-K53665955-001-03-0,MK-5108,Aurora kinase inhibitor,BR00122249_24h,I14,4,365,403,365,396,752,336,392,411,866,411,365,3,355,0.34719339678904554
195,S-C-7314-04-CMP-001,trt,BRD-K39974922-001-05-9,2.1343,5.0,DMSO,K39974922,BRD-K39974922-001-04-3,lenvatinib,FGFR inhibitor,BR00122249_24h,I15,4,561,621,561,615,1355,512,598,623,1462,623,561,3,355,0.03153441903441904
196,S-C-7314-04-CMP-001,trt,BRD-K85776940-001-01-9,1.983,5.0,DMSO,K85776940,BRD-K85776940-001-01-9,delta-Tocotrienol,HMGCR inhibitor,BR00122249_24h,I16,4,520,561,520,553,1081,488,546,567,1228,567,520,3,355,0.055250305250305255
197,S-C-7314-04-CMP-001,trt,BRD-K37379014-001-02-0,2.1024,5.0,DMSO,K37379014,BRD-K37379014-001-01-2,filanesib,kinesin inhibitor,BR00122249_24h,I17,4,100,140,100,119,182,93,119,226,238,226,100,3,355,1.0
198,S-C-7314-04-CMP-001,trt,BRD-K83192048-050-01-9,2.0425,5.0,DMSO,K83192048,BRD-K83192048-050-03-5,dimethindene-(S)-(+),acetylcholine receptor antagonist,BR00122249_24h,I18,4,533,595,533,588,1161,500,579,597,1283,597,533,3,355,0.15897147147147148
199,S-C-7314-04-CMP-001,trt,BRD-K82941592-238-06-9,2.6182,5.0,DMSO,K82941592,BRD-K82941592-238-03-7,rosuvastatin,HMGCR inhibitor,BR00122249_24h,I20,4,467,524,467,509,961,423,502,533,1083,533,467,3,355,0.03797400709674661
200,S-C-7314-04-CMP-001,trt,BRD-K54955827-001-03-9,1.6019,5.0,DMSO,K54955827,BRD-K54955827-001-02-2,niraparib,PARP inhibitor,BR00122249_24h,I21,4,436,471,436,466,1080,410,462,473,1258,473,436,3,355,0.46990740740740744
201,S-C-7314-04-CMP-001,trt,BRD-K66401437-001-03-3,2.8303,5.0,DMSO,K66401437,BRD-K66401437-001-03-3,THZ1,CDK inhibitor,BR00122249_24h,I22,4,125,135,125,133,300,123,133,148,356,148,125,3,355,1.0
202,S-C-7314-04-CMP-001,trt,BRD-K45909031-001-03-9,2.4849,5.0,DMSO,K45909031,BRD-K45909031-001-01-5,WZ4003,AMPK inhibitor,BR00122249_24h,I23,4,489,536,489,529,1156,440,522,536,1254,536,489,3,359,0.5194805194805195
203,S-C-7314-04-CMP-001,trt,BRD-K93942811-001-03-9,1.9224,5.0,DMSO,K93942811,BRD-K93942811-001-01-3,ML-323,ubiquitin specific protease inhibitor,BR00122249_24h,I24,4,517,563,517,557,1225,477,553,566,1377,566,517,3,355,0.07908163265306123
204,S-C-7314-04-CMP-001,trt,BRD-K69023402-001-03-3,0.2167,0.333,DMSO,K69023402,BRD-K69023402-001-07-4,Thapsigargin,ER stressor (SERCA inhibitor),BR00122249_24h,J02,4,236,241,236,241,651,233,241,246,791,246,236,3,359,0.3194444444444444
205,S-C-7314-04-CMP-001,trt,BRD-K12511835-003-03-9,1.6309,5.0,DMSO,K12511835,BRD-K12511835-003-01-2,BMS-863233,CDC inhibitor,BR00122249_24h,J03,4,500,527,500,525,1214,488,520,531,1347,531,500,3,355,1.0
206,S-C-7314-04-CMP-001,trt,BRD-K06883221-001-02-9,2.0725,5.0,DMSO,K06883221,BRD-K06883221-001-01-9,apratastat,tumor necrosis factor production inhibitor,BR00122249_24h,J04,4,571,608,571,602,1257,539,599,609,1384,609,571,3,355,0.031150944995338586
207,S-C-7314-04-CMP-001,trt,BRD-K12737986-001-01-4,1.2215,5.0,DMSO,K12737986,BRD-K12737986-001-01-4,veliparib,PARP inhibitor,BR00122249_24h,J05,4,461,502,461,489,994,428,485,502,1111,502,461,3,355,0.026782981328435873
208,S-C-7314-04-CMP-001,trt,BRD-K19477839-001-10-9,1.797,5.0,DMSO,K19477839,BRD-K19477839-001-07-6,SGX523,hepatocyte growth factor receptor inhibitor,BR00122249_24h,J06,4,498,539,498,535,1150,474,529,541,1244,541,498,3,355,0.022306248112699725
209,S-C-7314-04-CMP-001,trt,BRD-A12994259-001-11-9,1.3662,5.0,DMSO,A12994259,BRD-A12994259-001-02-1,pomalidomide,tumor necrosis factor production inhibitor,BR00122249_24h,J07,4,463,521,463,510,984,409,497,524,1124,524,463,3,355,0.02801519468186135
210,S-C-7314-04-CMP-001,trt,BRD-K60130390-001-02-1,2.7335,5.0,DMSO,K60130390,BRD-K60130390-001-02-1,UNC0642,histone lysine methyltransferase inhibitor,BR00122249_24h,J08,4,471,504,471,497,1086,447,497,506,1195,506,471,3,355,0.7380952380952381
211,S-C-7314-04-CMP-001,trt,BRD-K98203492-001-06-9,2.0875,5.0,DMSO,K98203492,BRD-K98203492-003-04-1,GSK-J4,histone lysine demethylase inhibitor,BR00122249_24h,J09,4,416,449,416,441,989,392,438,454,1106,454,416,3,355,0.008553115689452355
212,S-C-7314-04-CMP-001,trt,BRD-K83192048-050-01-9,2.0425,5.0,DMSO,K83192048,BRD-K83192048-050-03-5,dimethindene-(S)-(+),acetylcholine receptor antagonist,BR00122249_24h,J10,4,510,546,510,541,1092,487,535,551,1220,551,510,3,355,0.13405797101449277
213,S-C-7314-04-CMP-001,trt,BRD-K36234266-001-10-6,1.0702,5.0,DMSO,K36234266,BRD-K36234266-001-09-8,carmustine,DNA inhibitor,BR00122249_24h,J11,4,467,517,467,508,992,438,505,518,1150,518,467,3,355,0.01027983032293377
214,S-C-7314-04-CMP-001,trt,BRD-K57080016-001-19-1,2.2884,5.0,DMSO,K57080016,BRD-K57080016-001-01-9,selumetinib,MEK inhibitor,BR00122249_24h,J12,4,481,507,481,504,1054,457,500,510,1228,510,481,3,355,0.0172851646568793
215,S-C-7314-04-CMP-001,trt,BRD-K93942811-001-03-9,1.9224,5.0,DMSO,K93942811,BRD-K93942811-001-01-3,ML-323,ubiquitin specific protease inhibitor,BR00122249_24h,J13,4,491,530,491,526,1117,470,521,531,1275,531,491,3,355,0.030741869918699188
216,S-C-7314-04-CMP-001,trt,BRD-K67772619-001-06-9,1.4213,5.0,DMSO,K67772619,BRD-K67772619-001-05-1,rheochrysidin,protein tyrosine kinase inhibitor,BR00122249_24h,J15,4,454,514,454,490,858,395,486,518,956,518,454,3,355,0.6717948717948717
217,S-C-7314-04-CMP-001,trt,BRD-K25611237-001-09-9,1.7471,5.0,DMSO,K25611237,BRD-K25611237-001-02-1,ML324,histone lysine demethylase inhibitor,BR00122249_24h,J16,4,522,571,522,563,1128,480,553,574,1248,574,522,3,355,0.12145969498910676
218,S-C-7314-04-CMP-001,trt,BRD-K33818169-003-04-6,3.0926,5.0,DMSO,K33818169,BRD-K33818169-003-04-6,GW-3965,LXR agonist,BR00122249_24h,J17,4,513,554,513,544,1153,473,540,560,1275,560,513,3,355,0.0782967032967033
219,S-C-7314-04-CMP-001,trt,BRD-A53576514-048-02-8,2.3075,5.0,DMSO,A53576514,BRD-A53576514-048-14-3,orphenadrine,acetylcholine receptor antagonist,BR00122249_24h,J18,4,390,434,390,426,822,360,420,437,937,437,390,3,355,0.014966434531651923
220,S-C-7314-04-CMP-001,trt,BRD-K25433859-003-03-1,1.5693,5.0,DMSO,K25433859,BRD-K25433859-003-23-9,maprotiline,tricyclic antidepressant,BR00122249_24h,J19,4,464,513,464,502,999,425,497,518,1120,518,464,3,355,0.3344827586206896
221,S-C-7314-04-CMP-001,trt,BRD-K76908866-001-08-9,2.3477,5.0,DMSO,K76908866,BRD-K76908866-001-07-6,CP-724714,EGFR inhibitor,BR00122249_24h,J20,4,525,578,525,572,1207,482,565,580,1310,580,525,3,355,0.1685185185185185
222,S-C-7314-04-CMP-001,trt,BRD-K54955827-001-03-9,1.6019,5.0,DMSO,K54955827,BRD-K54955827-001-02-2,niraparib,PARP inhibitor,BR00122249_24h,J21,4,409,443,409,438,1028,395,436,450,1189,450,409,3,355,0.9166666666666666
223,S-C-7314-04-CMP-001,trt,BRD-K72951360-001-02-9,3.6182,5.0,DMSO,K72951360,BRD-K72951360-001-01-4,valrubicin,DNA inhibitor,BR00122249_24h,J22,4,239,250,239,247,575,238,247,261,668,261,239,3,355,1.0
224,S-C-7314-04-CMP-001,trt,BRD-K38627885-001-01-9,2.0674,5.0,DMSO,K38627885,BRD-K38627885-001-01-9,APY0201,phosphoinositide dependent kinase inhibitor,BR00122249_24h,J23,4,148,158,148,155,711,146,155,163,983,163,148,3,355,0.8333333333333334
225,S-C-7314-04-CMP-001,trt,BRD-K61688984-001-04-5,1.812,5.0,DMSO,K61688984,BRD-K61688984-001-02-9,RGFP966,HDAC inhibitor,BR00122249_24h,J24,4,506,544,506,525,902,478,523,553,1052,553,506,3,355,0.0927643784786642
226,S-C-7314-04-CMP-001,trt,BRD-K64881305-001-07-9,2.5853,5.0,DMSO,K64881305,BRD-K64881305-001-05-2,ispinesib,kinesin inhibitor,BR00122249_24h,K01,4,136,174,136,151,229,120,151,267,263,267,136,3,355,1.0
227,S-C-7314-04-CMP-001,trt,BRD-K83607951-001-04-9,2.1271,5.0,DMSO,K83607951,BRD-K83607951-001-02-2,skepinone-l,p38 MAPK inhibitor,BR00122249_24h,K02,4,468,504,468,496,996,429,491,506,1099,506,468,3,355,0.018372695782767727
228,S-C-7314-04-CMP-001,trt,BRD-K97452254-001-02-9,2.3578,5.0,DMSO,K97452254,BRD-K97452254-001-01-3,AMG-925,CDK inhibitor,BR00122249_24h,K03,4,450,493,450,487,1153,414,480,495,1247,495,450,3,355,0.38334642576590733
229,S-C-7314-04-CMP-001,trt,BRD-K82164249-001-03-5,2.2068,5.0,DMSO,K82164249,BRD-K82164249-001-03-5,andarine,androgen receptor modulator,BR00122249_24h,K05,4,454,500,454,487,940,428,480,505,1080,505,454,3,355,0.10730446024563672
230,S-C-7314-04-CMP-001,trt,BRD-K54955827-001-03-9,1.6019,5.0,DMSO,K54955827,BRD-K54955827-001-02-2,niraparib,PARP inhibitor,BR00122249_24h,K06,4,373,393,373,391,1007,366,390,399,1151,399,373,3,355,1.0
231,S-C-7314-04-CMP-001,trt,BRD-K99113996-001-02-0,2.3127,5.0,DMSO,K99113996,BRD-K99113996-001-02-0,AZD2014,mTOR inhibitor,BR00122249_24h,K07,4,321,337,321,330,832,314,329,344,971,344,321,3,355,0.3434823618185248
232,S-C-7314-04-CMP-001,trt,BRD-K91900765-001-09-9,2.1813,5.0,DMSO,K91900765,BRD-K91900765-001-08-4,VX-745,p38 MAPK inhibitor,BR00122249_24h,K08,4,493,537,493,528,1102,454,518,537,1211,537,493,3,355,0.014508603091280256
233,S-C-7314-04-CMP-001,trt,BRD-K32730239-001-03-9,1.3065,5.0,DMSO,K32730239,BRD-K32730239-001-01-0,SU3327,JNK inhibitor,BR00122249_24h,K10,4,498,542,498,532,1041,461,527,546,1164,546,498,3,355,0.02137754401376935
234,S-C-7314-04-CMP-001,trt,BRD-K63631219-001-01-6,1.1784,5.0,DMSO,K63631219,BRD-K63631219-001-01-6,quazinone,phosphodiesterase inhibitor,BR00122249_24h,K11,4,458,489,458,481,959,441,480,496,1121,496,458,3,355,0.3585455959556679
235,S-C-7314-04-CMP-001,trt,BRD-K73397362-001-09-9,2.6031,5.0,DMSO,K73397362,BRD-K73397362-001-06-6,purmorphamine,smoothened receptor agonist,BR00122249_24h,K12,4,509,558,509,548,1208,469,537,563,1326,563,509,3,355,0.3744026284348865
236,S-C-7314-04-CMP-001,trt,BRD-K88677950-001-04-9,2.3812,5.0,DMSO,K88677950,BRD-K88677950-001-03-9,PD-198306,MAP kinase inhibitor,BR00122249_24h,K13,4,409,457,409,448,810,385,443,458,928,458,409,3,355,0.08188034188034188
237,S-C-7314-04-CMP-001,trt,BRD-K24600306-003-02-9,2.3445,5.0,DMSO,K24600306,BRD-K24600306-003-02-9,ML-298,phospholipase inhibitor,BR00122249_24h,K14,4,462,510,462,501,1055,426,490,514,1182,514,462,3,355,0.5594925634295712
238,S-C-7314-04-CMP-001,trt,BRD-K01826510-001-09-9,1.8745,5.0,DMSO,K01826510,BRD-K01826510-300-06-9,hydroxyzine,antihistamine,BR00122249_24h,K15,4,491,537,491,531,1056,462,521,542,1188,542,491,3,355,0.34195851573900354
239,S-C-7314-04-CMP-001,trt,BRD-K25611237-001-09-9,1.7471,5.0,DMSO,K25611237,BRD-K25611237-001-02-1,ML324,histone lysine demethylase inhibitor,BR00122249_24h,K16,4,461,501,461,488,919,427,484,505,1045,505,461,3,355,0.24294871794871795
240,S-C-7314-04-CMP-001,trt,BRD-K66401437-001-03-3,2.8303,5.0,DMSO,K66401437,BRD-K66401437-001-03-3,THZ1,CDK inhibitor,BR00122249_24h,K17,4,86,94,86,90,204,86,90,110,275,110,86,3,355,1.0
241,S-C-7314-04-CMP-001,trt,BRD-K30707190-001-06-9,1.6017,5.0,DMSO,K30707190,BRD-K30707190-001-04-1,PNU-74654,beta-catenin inhibitor,BR00122249_24h,K18,4,488,533,488,519,979,447,516,538,1136,538,488,3,355,0.3945769050958392
242,S-C-7314-04-CMP-001,trt,BRD-K04923131-001-17-9,1.7809,5.0,DMSO,K04923131,BRD-K04923131-001-15-4,GSK-3-inhibitor-IX,glycogen synthase kinase inhibitor,BR00122249_24h,K19,4,211,241,211,235,604,192,235,243,690,243,211,3,355,1.0
243,S-C-7314-04-CMP-001,trt,BRD-K84937637-001-21-9,4.5709,5.0,DMSO,K84937637,BRD-K84937637-001-11-5,sirolimus,mTOR inhibitor,BR00122249_24h,K20,4,436,469,436,463,1135,415,456,471,1243,471,436,3,355,0.3519795657726692
244,S-C-7314-04-CMP-001,trt,BRD-K50055394-001-04-9,2.0844,5.0,DMSO,K50055394,BRD-K50055394-001-03-6,halopemide,phospholipase inhibitor,BR00122249_24h,K21,4,467,540,467,509,839,396,506,542,938,542,467,3,355,0.34413238071774654
245,S-C-7314-04-CMP-001,trt,BRD-K03063480-001-08-9,2.0974,5.0,DMSO,K03063480,BRD-K03063480-001-06-6,PF-477736,CHK inhibitor,BR00122249_24h,K22,4,196,243,196,230,459,187,227,263,560,263,196,3,355,0.027748114246970084
246,S-C-7314-04-CMP-001,trt,BRD-K16803204-001-02-9,2.1275,5.0,DMSO,K16803204,BRD-K16803204-001-01-6,filgotinib,JAK inhibitor,BR00122249_24h,K23,4,546,595,546,583,1135,501,572,602,1263,602,546,3,355,0.39115646258503406
247,S-C-7314-04-CMP-001,trt,BRD-K23383398-001-08-1,2.4067,5.0,DMSO,K23383398,BRD-K23383398-001-09-9,T-0901317,LXR agonist,BR00122249_24h,K24,4,460,499,460,491,1003,432,484,503,1133,503,460,3,355,0.015349426807760141
248,S-C-7314-04-CMP-001,trt,BRD-K73397362-001-09-9,2.6031,5.0,DMSO,K73397362,BRD-K73397362-001-06-6,purmorphamine,smoothened receptor agonist,BR00122249_24h,L01,4,475,508,475,501,1156,439,498,508,1282,508,475,3,355,0.398464280817222
249,S-C-7314-04-CMP-001,trt,BRD-K39520573-001-01-2,2.6047,5.0,DMSO,K39520573,BRD-K39520573-001-03-8,GW-5074,RAF inhibitor,BR00122249_24h,L02,4,481,518,481,511,1019,445,502,521,1129,521,481,3,355,0.04613924269096683
250,S-C-7314-04-CMP-001,trt,BRD-K60130390-001-02-1,2.7335,5.0,DMSO,K60130390,BRD-K60130390-001-02-1,UNC0642,histone lysine methyltransferase inhibitor,BR00122249_24h,L03,4,489,513,489,508,1221,460,502,516,1308,516,489,3,355,0.7222222222222223
251,S-C-7314-04-CMP-001,trt,BRD-K86718786-001-03-9,1.4917,5.0,DMSO,K86718786,BRD-K86718786-001-03-9,SGC-707,protein arginine N-methyltransferase inhibitor,BR00122249_24h,L04,4,472,508,472,498,1050,444,495,510,1169,510,472,3,355,0.010184250559241888
252,S-C-7314-04-CMP-001,trt,BRD-K97452254-001-02-9,2.3578,5.0,DMSO,K97452254,BRD-K97452254-001-01-3,AMG-925,CDK inhibitor,BR00122249_24h,L05,4,492,532,492,528,1292,452,524,534,1384,534,492,3,355,0.3870499419279907
253,S-C-7314-04-CMP-001,trt,BRD-K70578146-001-13-9,0.16697,0.133,DMSO,K70578146,BRD-K70578146-001-09-1,DACTINOMYCIN,Apoptosis inducer (transcription inhibitor),BR00122249_24h,L06,4,274,307,274,301,766,270,301,320,948,320,274,3,359,0.6706989247311829
254,S-C-7314-04-CMP-001,trt,BRD-K32730239-001-03-9,1.3065,5.0,DMSO,K32730239,BRD-K32730239-001-01-0,SU3327,JNK inhibitor,BR00122249_24h,L08,4,483,538,483,535,1063,451,529,540,1197,540,483,3,355,0.0598271741128884
255,S-C-7314-04-CMP-001,trt,BRD-K20290250-001-03-9,2.0624,5.0,DMSO,K20290250,BRD-K20290250-001-02-1,BIX-02188,MEK inhibitor,BR00122249_24h,L09,4,482,528,482,519,1134,438,514,531,1266,531,482,3,355,0.021551393806423926
256,S-C-7314-04-CMP-001,trt,BRD-K38627885-001-01-9,2.0674,5.0,DMSO,K38627885,BRD-K38627885-001-01-9,APY0201,phosphoinositide dependent kinase inhibitor,BR00122249_24h,L10,4,130,138,130,134,635,129,134,151,916,151,130,3,355,0.8333333333333334
257,S-C-7314-04-CMP-001,trt,BRD-K24600306-003-02-9,2.3445,5.0,DMSO,K24600306,BRD-K24600306-003-02-9,ML-298,phospholipase inhibitor,BR00122249_24h,L11,4,468,510,468,506,1079,428,500,512,1189,512,468,3,355,0.6706989247311829
258,S-C-7314-04-CMP-001,trt,BRD-K84937637-001-21-9,4.5709,5.0,DMSO,K84937637,BRD-K84937637-001-11-5,sirolimus,mTOR inhibitor,BR00122249_24h,L12,4,433,466,433,457,1149,405,453,468,1259,468,433,3,355,0.3519795657726692
259,S-C-7314-04-CMP-001,trt,BRD-K72951360-001-02-9,3.6182,5.0,DMSO,K72951360,BRD-K72951360-001-01-4,valrubicin,DNA inhibitor,BR00122249_24h,L13,4,252,270,252,264,632,248,264,278,715,278,252,3,355,0.7916666666666666
260,S-C-7314-04-CMP-001,trt,BRD-K75009076-001-04-9,1.8813,5.0,DMSO,K75009076,BRD-K75009076-001-02-1,SCH-900776,CHK inhibitor,BR00122249_24h,L14,4,296,311,296,310,704,291,310,317,824,317,296,3,355,0.3530537035474161
261,S-C-7314-04-CMP-001,trt,BRD-A87435144-001-01-6,2.3944,5.0,DMSO,A87435144,BRD-A87435144-001-01-6,AZD7545,pyruvate dehydrogenase kinase inhibitor,BR00122249_24h,L15,4,460,514,460,502,969,432,500,519,1086,519,460,3,355,0.06492679084422204
262,S-C-7314-04-CMP-001,trt,BRD-K56932272-001-02-9,2.4378,5.0,DMSO,K56932272,BRD-K56932272-001-02-9,BMS-566419,inosine monophosphate dehydrogenase inhibitor,BR00122249_24h,L16,4,475,522,475,509,988,428,503,524,1076,524,475,3,355,0.34022449559533957
263,S-C-7314-04-CMP-001,trt,BRD-K85776940-001-01-9,1.983,5.0,DMSO,K85776940,BRD-K85776940-001-01-9,delta-Tocotrienol,HMGCR inhibitor,BR00122249_24h,L17,4,489,516,489,507,981,462,505,517,1110,517,489,3,355,0.0528212730473455
264,S-C-7314-04-CMP-001,trt,BRD-K30707190-001-06-9,1.6017,5.0,DMSO,K30707190,BRD-K30707190-001-04-1,PNU-74654,beta-catenin inhibitor,BR00122249_24h,L18,4,504,561,504,551,1041,462,541,566,1188,566,504,3,355,0.12016806722689076
265,S-C-7314-04-CMP-001,trt,BRD-K61688984-001-04-5,1.812,5.0,DMSO,K61688984,BRD-K61688984-001-02-9,RGFP966,HDAC inhibitor,BR00122249_24h,L19,4,425,475,425,456,811,397,454,483,952,483,425,3,355,0.01068997406026001
266,S-C-7314-04-CMP-001,trt,BRD-K44227013-001-15-9,2.6628,5.0,DMSO,K44227013,BRD-K44227013-001-08-0,ponatinib,Bcr-Abl kinase inhibitor,BR00122249_24h,L20,4,140,156,140,149,376,130,148,165,448,165,140,3,355,1.0
267,S-C-7314-04-CMP-001,trt,BRD-K87632963-001-05-9,2.0918,5.0,DMSO,K87632963,BRD-K87632963-001-05-9,GNF-5,Bcr-Abl kinase inhibitor,BR00122249_24h,L21,4,499,534,499,522,868,474,519,543,1014,543,499,3,355,0.03455745368905761
268,S-C-7314-04-CMP-001,trt,BRD-K98251413-001-07-9,1.7617,5.0,DMSO,K98251413,BRD-K98251413-001-04-0,IOX2,hypoxia inducible factor inhibitor,BR00122249_24h,L23,4,568,611,568,599,1149,526,590,615,1289,615,568,3,355,0.0979076479076479
269,S-C-7314-04-CMP-001,trt,BRD-K83607951-001-04-9,2.1271,5.0,DMSO,K83607951,BRD-K83607951-001-02-2,skepinone-l,p38 MAPK inhibitor,BR00122249_24h,L24,4,483,526,483,514,933,427,503,529,1079,529,483,3,355,0.018461416824794432
270,S-C-7314-04-CMP-001,trt,BRD-K76908866-001-08-9,2.3477,5.0,DMSO,K76908866,BRD-K76908866-001-07-6,CP-724714,EGFR inhibitor,BR00122249_24h,M01,4,496,542,496,541,1283,466,526,545,1419,545,496,3,355,0.10883870967741936
271,S-C-7314-04-CMP-001,trt,BRD-K67772619-001-06-9,1.4213,5.0,DMSO,K67772619,BRD-K67772619-001-05-1,rheochrysidin,protein tyrosine kinase inhibitor,BR00122249_24h,M02,4,465,495,465,488,955,430,485,500,1078,500,465,3,355,0.6713615023474179
272,S-C-7314-04-CMP-001,trt,BRD-K99433989-001-02-9,2.4503,5.0,DMSO,K99433989,BRD-K99433989-001-02-9,SAG,smoothened receptor agonist,BR00122249_24h,M03,4,578,636,578,629,1417,520,612,638,1530,638,578,3,355,1.0
273,S-C-7314-04-CMP-001,trt,BRD-K12511835-003-03-9,1.6309,5.0,DMSO,K12511835,BRD-K12511835-003-01-2,BMS-863233,CDC inhibitor,BR00122249_24h,M04,4,454,484,454,478,998,436,475,487,1129,487,454,3,355,0.7380952380952381
274,S-C-7314-04-CMP-001,trt,BRD-K17953061-001-05-1,0.012596,0.027,DMSO,K17953061,BRD-K17953061-001-14-3,Staurosporine,Apoptosis inducer (ATP-competitive kinase inhibitor),BR00122249_24h,M05,4,349,423,349,399,817,291,394,432,942,432,349,3,359,0.6726907630522089
275,S-C-7314-04-CMP-001,trt,BRD-K94455792-001-01-8,2.7432,5.0,DMSO,K94455792,BRD-K94455792-001-01-8,ICG-001,beta-catenin inhibitor,BR00122249_24h,M06,4,403,429,403,427,982,383,421,433,1126,433,403,3,355,0.3411992089176555
276,S-C-7314-04-CMP-001,trt,BRD-K44227013-001-15-9,2.6628,5.0,DMSO,K44227013,BRD-K44227013-001-08-0,ponatinib,Bcr-Abl kinase inhibitor,BR00122249_24h,M07,4,180,205,180,197,444,167,196,220,539,220,180,3,355,1.0
277,S-C-7314-04-CMP-001,trt,BRD-K63631219-001-01-6,1.1784,5.0,DMSO,K63631219,BRD-K63631219-001-01-6,quazinone,phosphodiesterase inhibitor,BR00122249_24h,M08,4,505,561,505,548,1097,473,542,566,1227,566,505,3,355,0.18731431966726084
278,S-C-7314-04-CMP-001,trt,BRD-K56301217-001-02-5,4.0671,5.0,DMSO,K56301217,BRD-K56301217-001-07-4,ABT-737,BCL inhibitor,BR00122249_24h,M09,4,455,504,455,498,1072,429,496,507,1179,507,455,3,355,0.009090523862492718
279,S-C-7314-04-CMP-001,trt,BRD-K21728777-001-03-9,2.5179,5.0,DMSO,K21728777,BRD-K21728777-001-02-3,AMG900,Aurora kinase inhibitor,BR00122249_24h,M10,4,277,315,277,308,866,250,307,320,1004,320,277,3,355,0.3482522437411431
280,S-C-7314-04-CMP-001,trt,BRD-K25433859-003-03-1,1.5693,5.0,DMSO,K25433859,BRD-K25433859-003-23-9,maprotiline,tricyclic antidepressant,BR00122249_24h,M11,4,512,555,512,546,1165,476,538,558,1267,558,512,3,355,0.2601449275362319
281,S-C-7314-04-CMP-001,trt,BRD-K50055394-001-04-9,2.0844,5.0,DMSO,K50055394,BRD-K50055394-001-03-6,halopemide,phospholipase inhibitor,BR00122249_24h,M12,4,470,544,470,530,987,417,522,547,1100,547,470,3,355,0.06707818930041153
282,S-C-7314-04-CMP-001,trt,BRD-K67578145-001-13-9,1.6719,5.0,DMSO,K67578145,BRD-K67578145-001-09-7,GDC-0879,RAF inhibitor,BR00122249_24h,M13,4,434,499,434,478,806,397,467,502,973,502,434,3,355,0.01308413893411717
283,S-C-7314-04-CMP-001,trt,BRD-K06883221-001-02-9,2.0725,5.0,DMSO,K06883221,BRD-K06883221-001-01-9,apratastat,tumor necrosis factor production inhibitor,BR00122249_24h,M14,4,494,539,494,522,1037,460,520,539,1194,539,494,3,355,0.038579274016167224
284,S-C-7314-04-CMP-001,trt,BRD-K12737986-001-01-4,1.2215,5.0,DMSO,K12737986,BRD-K12737986-001-01-4,veliparib,PARP inhibitor,BR00122249_24h,M15,4,505,536,505,528,1047,474,525,539,1211,539,505,3,355,0.02452826100750109
285,S-C-7314-04-CMP-001,trt,BRD-K83192048-050-01-9,2.0425,5.0,DMSO,K83192048,BRD-K83192048-050-03-5,dimethindene-(S)-(+),acetylcholine receptor antagonist,BR00122249_24h,M17,4,511,577,511,561,1158,473,554,580,1279,580,511,3,355,0.07142857142857141
286,S-C-7314-04-CMP-001,trt,BRD-K98251413-001-07-9,1.7617,5.0,DMSO,K98251413,BRD-K98251413-001-04-0,IOX2,hypoxia inducible factor inhibitor,BR00122249_24h,M18,4,541,593,541,586,1161,513,579,595,1348,595,541,3,355,0.026546542446108656
287,S-C-7314-04-CMP-001,trt,BRD-A53576514-048-02-8,2.3075,5.0,DMSO,A53576514,BRD-A53576514-048-14-3,orphenadrine,acetylcholine receptor antagonist,BR00122249_24h,M19,4,552,606,552,597,1191,504,591,608,1348,608,552,3,355,0.012395147085649691
288,S-C-7314-04-CMP-001,trt,BRD-K25433859-003-03-1,1.5693,5.0,DMSO,K25433859,BRD-K25433859-003-23-9,maprotiline,tricyclic antidepressant,BR00122249_24h,M20,4,535,586,535,577,1145,485,561,589,1254,589,535,3,355,0.5607638888888888
289,S-C-7314-04-CMP-001,trt,BRD-K93942811-001-03-9,1.9224,5.0,DMSO,K93942811,BRD-K93942811-001-01-3,ML-323,ubiquitin specific protease inhibitor,BR00122249_24h,M21,4,469,514,469,505,1095,431,498,515,1229,515,469,3,355,0.015277646580620413
290,S-C-7314-04-CMP-001,trt,BRD-K85606544-001-07-5,2.7852,5.0,DMSO,K85606544,BRD-K85606544-001-09-1,neratinib,EGFR inhibitor,BR00122249_24h,M22,4,316,332,316,328,840,299,326,336,923,336,316,3,355,0.4088495575221239
291,S-C-7314-04-CMP-001,trt,BRD-K70446295-001-04-9,1.9172,5.0,DMSO,K70446295,BRD-K70446295-001-01-7,EPZ015666,protein arginine N-methyltransferase inhibitor,BR00122249_24h,M23,4,575,628,575,619,1248,533,612,634,1371,634,575,3,355,0.37427466150870403
292,S-C-7314-04-CMP-001,trt,BRD-K72898849-001-03-9,2.5469,5.0,DMSO,K72898849,BRD-K72898849-001-01-8,BLU9931,FGFR inhibitor,BR00122249_24h,M24,4,461,486,461,484,1155,446,481,489,1303,489,461,3,355,0.12560543431827345
293,S-C-7314-04-CMP-001,trt,BRD-K70578146-001-13-9,0.16697,0.133,DMSO,K70578146,BRD-K70578146-001-09-1,DACTINOMYCIN,Apoptosis inducer (transcription inhibitor),BR00122249_24h,N01,4,249,261,249,258,686,249,258,270,837,270,249,3,359,0.6707650273224045
294,S-C-7314-04-CMP-001,trt,BRD-K12511835-003-03-9,1.6309,5.0,DMSO,K12511835,BRD-K12511835-003-01-2,BMS-863233,CDC inhibitor,BR00122249_24h,N02,4,496,523,496,518,1146,474,513,524,1307,524,496,3,355,0.47008547008547
295,S-C-7314-04-CMP-001,trt,BRD-K57080016-001-19-1,2.2884,5.0,DMSO,K57080016,BRD-K57080016-001-01-9,selumetinib,MEK inhibitor,BR00122249_24h,N03,4,546,589,546,584,1342,523,572,591,1460,591,546,3,355,0.05931674900367349
296,S-C-7314-04-CMP-001,trt,BRD-K33818169-003-04-6,3.0926,5.0,DMSO,K33818169,BRD-K33818169-003-04-6,GW-3965,LXR agonist,BR00122249_24h,N04,4,536,593,536,588,1352,488,574,596,1465,596,536,3,355,0.05574795574795574
297,S-C-7314-04-CMP-001,trt,BRD-K53665955-001-05-9,2.3097,5.0,DMSO,K53665955,BRD-K53665955-001-03-0,MK-5108,Aurora kinase inhibitor,BR00122249_24h,N05,4,475,525,475,514,1062,444,509,529,1173,529,475,3,355,0.021124953857511997
298,S-C-7314-04-CMP-001,trt,BRD-K94455792-001-01-8,2.7432,5.0,DMSO,K94455792,BRD-K94455792-001-01-8,ICG-001,beta-catenin inhibitor,BR00122249_24h,N06,4,474,495,474,494,1207,467,490,496,1324,496,474,3,355,0.34138682539310566
299,S-C-7314-04-CMP-001,trt,BRD-K30707190-001-06-9,1.6017,5.0,DMSO,K30707190,BRD-K30707190-001-04-1,PNU-74654,beta-catenin inhibitor,BR00122249_24h,N07,4,480,519,480,512,1009,456,506,528,1140,528,480,3,355,0.12284334023464456
300,S-C-7314-04-CMP-001,trt,BRD-K02965346-001-01-8,2.8404,5.0,DMSO,K02965346,BRD-K02965346-001-07-5,SU-11274,hepatocyte growth factor receptor inhibitor,BR00122249_24h,N08,4,417,458,417,447,972,364,442,460,1046,460,417,3,355,1.0
301,S-C-7314-04-CMP-001,trt,BRD-K28936863-051-14-0,2.1275,5.0,DMSO,K28936863,BRD-K28936863-051-32-2,ketotifen,phosphodiesterase inhibitor,BR00122249_24h,N09,4,593,643,593,637,1442,545,629,646,1568,646,593,3,355,0.34095717670954634
302,S-C-7314-04-CMP-001,trt,BRD-K04923131-001-17-9,1.7809,5.0,DMSO,K04923131,BRD-K04923131-001-15-4,GSK-3-inhibitor-IX,glycogen synthase kinase inhibitor,BR00122249_24h,N10,4,218,237,218,233,679,199,232,241,781,241,218,3,355,0.7101449275362318
303,S-C-7314-04-CMP-001,trt,BRD-K09372874-001-02-9,2.2623,5.0,DMSO,K09372874,BRD-K09372874-001-01-0,merimepodib,inosine monophosphate dehydrogenase inhibitor,BR00122249_24h,N11,4,398,442,398,433,819,372,430,447,930,447,398,3,355,0.008029072176090207
304,S-C-7314-04-CMP-001,trt,BRD-K97452254-001-02-9,2.3578,5.0,DMSO,K97452254,BRD-K97452254-001-01-3,AMG-925,CDK inhibitor,BR00122249_24h,N12,4,446,483,446,479,1138,408,470,484,1228,484,446,3,355,0.026536999776436396
305,S-C-7314-04-CMP-001,trt,BRD-K66430217-001-05-9,1.6909,5.0,DMSO,K66430217,BRD-K66430217-001-03-8,KH-CB19,CDC inhibitor,BR00122249_24h,N13,4,518,577,518,564,1085,472,556,580,1230,580,518,3,355,0.022186147186147188
306,S-C-7314-04-CMP-001,trt,BRD-M87138257-003-01-1,2.3499,5.0,DMSO,M87138257,BRD-M87138257-003-01-1,acriflavine,hypoxia inducible factor inhibitor,BR00122249_24h,N14,4,116,147,116,130,185,111,130,194,264,194,116,3,355,1.0
307,S-C-7314-04-CMP-001,trt,BRD-K01826510-001-09-9,1.8745,5.0,DMSO,K01826510,BRD-K01826510-300-06-9,hydroxyzine,antihistamine,BR00122249_24h,N15,4,531,581,531,576,1152,499,570,581,1265,581,531,3,355,0.03617154288572143
308,S-C-7314-04-CMP-001,trt,BRD-K62391742-001-19-9,4.3422,5.0,DMSO,K62391742,BRD-K62391742-001-03-0,venetoclax,BCL inhibitor,BR00122249_24h,N16,4,519,547,519,541,1151,478,531,549,1241,549,519,3,355,0.0895621867395709
309,S-C-7314-04-CMP-001,trt,BRD-K82164249-001-03-5,2.2068,5.0,DMSO,K82164249,BRD-K82164249-001-03-5,andarine,androgen receptor modulator,BR00122249_24h,N17,4,494,538,494,529,957,457,525,539,1066,539,494,3,355,0.021287777720024718
310,S-C-7314-04-CMP-001,trt,BRD-K68756823-001-12-9,1.6367,5.0,DMSO,K68756823,BRD-K68756823-001-07-1,FR-180204,MAP kinase inhibitor,BR00122249_24h,N18,4,555,616,555,604,1266,503,591,616,1414,616,555,3,355,0.01609833526906698
311,S-C-7314-04-CMP-001,trt,BRD-K06182768-001-02-3,1.6472,5.0,DMSO,K06182768,BRD-K06182768-001-06-4,A-366,histone lysine methyltransferase inhibitor,BR00122249_24h,N19,4,453,488,453,481,960,427,475,492,1120,492,453,3,355,0.01493572962477433
312,S-C-7314-04-CMP-001,trt,BRD-K67772619-001-06-9,1.4213,5.0,DMSO,K67772619,BRD-K67772619-001-05-1,rheochrysidin,protein tyrosine kinase inhibitor,BR00122249_24h,N20,4,428,463,428,450,814,390,445,465,946,465,428,3,355,0.3457187337830825
313,S-C-7314-04-CMP-001,trt,BRD-K88677950-001-04-9,2.3812,5.0,DMSO,K88677950,BRD-K88677950-001-03-9,PD-198306,MAP kinase inhibitor,BR00122249_24h,N21,4,543,577,543,568,1159,507,562,581,1303,581,543,3,355,0.024632569077013517
314,S-C-7314-04-CMP-001,trt,BRD-K70446295-001-04-9,1.9172,5.0,DMSO,K70446295,BRD-K70446295-001-01-7,EPZ015666,protein arginine N-methyltransferase inhibitor,BR00122249_24h,N22,4,526,571,526,562,1141,481,557,575,1297,575,526,3,355,0.37287581699346406
315,S-C-7314-04-CMP-001,trt,BRD-K25611237-001-09-9,1.7471,5.0,DMSO,K25611237,BRD-K25611237-001-02-1,ML324,histone lysine demethylase inhibitor,BR00122249_24h,N23,4,510,569,510,556,1204,476,549,573,1363,573,510,3,355,0.06527210884353742
316,S-C-7314-04-CMP-001,trt,BRD-A87435144-001-01-6,2.3944,5.0,DMSO,A87435144,BRD-A87435144-001-01-6,AZD7545,pyruvate dehydrogenase kinase inhibitor,BR00122249_24h,N24,4,511,568,511,556,964,475,544,574,1089,574,511,3,355,0.2650793650793651
317,S-C-7314-04-CMP-001,trt,BRD-K70578146-001-13-9,0.16697,0.133,DMSO,K70578146,BRD-K70578146-001-09-1,DACTINOMYCIN,Apoptosis inducer (transcription inhibitor),BR00122249_24h,O02,4,254,280,254,275,656,252,275,289,799,289,254,3,359,0.6705882352941176
318,S-C-7314-04-CMP-001,trt,BRD-K24600306-003-02-9,2.3445,5.0,DMSO,K24600306,BRD-K24600306-003-02-9,ML-298,phospholipase inhibitor,BR00122249_24h,O03,4,533,581,533,571,1239,486,563,583,1327,583,533,3,355,0.6705577172503242
319,S-C-7314-04-CMP-001,trt,BRD-A12994259-001-11-9,1.3662,5.0,DMSO,A12994259,BRD-A12994259-001-02-1,pomalidomide,tumor necrosis factor production inhibitor,BR00122249_24h,O04,4,405,427,405,418,820,380,417,433,947,433,405,3,355,0.020054852608914563
320,S-C-7314-04-CMP-001,trt,BRD-K87632963-001-05-9,2.0918,5.0,DMSO,K87632963,BRD-K87632963-001-05-9,GNF-5,Bcr-Abl kinase inhibitor,BR00122249_24h,O05,4,494,527,494,521,1006,473,517,531,1133,531,494,3,355,0.05376364261813179
321,S-C-7314-04-CMP-001,trt,BRD-K64881305-001-07-9,2.5853,5.0,DMSO,K64881305,BRD-K64881305-001-05-2,ispinesib,kinesin inhibitor,BR00122249_24h,O06,4,139,157,139,148,227,131,148,230,274,230,139,3,355,1.0
322,S-C-7314-04-CMP-001,trt,BRD-K25611237-001-09-9,1.7471,5.0,DMSO,K25611237,BRD-K25611237-001-02-1,ML324,histone lysine demethylase inhibitor,BR00122249_24h,O07,4,534,571,534,563,1219,498,556,574,1345,574,534,3,355,0.0673202614379085
323,S-C-7314-04-CMP-001,trt,BRD-K17953061-001-05-1,0.012596,0.027,DMSO,K17953061,BRD-K17953061-001-14-3,Staurosporine,Apoptosis inducer (ATP-competitive kinase inhibitor),BR00122249_24h,O08,4,285,335,285,319,607,243,318,346,697,346,285,3,359,0.6722846441947565
324,S-C-7314-04-CMP-001,trt,BRD-K30707190-001-06-9,1.6017,5.0,DMSO,K30707190,BRD-K30707190-001-04-1,PNU-74654,beta-catenin inhibitor,BR00122249_24h,O09,4,489,539,489,527,1003,465,518,543,1136,543,489,3,355,0.06110446570972886
325,S-C-7314-04-CMP-001,trt,BRD-K70446295-001-04-9,1.9172,5.0,DMSO,K70446295,BRD-K70446295-001-01-7,EPZ015666,protein arginine N-methyltransferase inhibitor,BR00122249_24h,O10,4,382,430,382,416,843,349,412,434,942,434,382,3,355,0.041991604007107886
326,S-C-7314-04-CMP-001,trt,BRD-K06883221-001-02-9,2.0725,5.0,DMSO,K06883221,BRD-K06883221-001-01-9,apratastat,tumor necrosis factor production inhibitor,BR00122249_24h,O11,4,470,502,470,493,984,439,490,506,1091,506,470,3,355,0.07771101822825961
327,S-C-7314-04-CMP-001,trt,BRD-A22769835-300-05-7,1.9389,5.0,DMSO,A22769835,BRD-A22769835-300-05-7,homochlorcyclizine,antihistamine,BR00122249_24h,O13,4,555,589,555,586,1249,507,577,591,1353,591,555,3,355,0.009478022727396715
328,S-C-7314-04-CMP-001,trt,BRD-K12737986-001-01-4,1.2215,5.0,DMSO,K12737986,BRD-K12737986-001-01-4,veliparib,PARP inhibitor,BR00122249_24h,O14,4,422,455,422,446,867,398,444,459,992,459,422,3,355,0.04161093561759489
329,S-C-7314-04-CMP-001,trt,BRD-K33818169-003-04-6,3.0926,5.0,DMSO,K33818169,BRD-K33818169-003-04-6,GW-3965,LXR agonist,BR00122249_24h,O15,4,407,461,407,451,926,382,447,465,1040,465,407,3,355,0.03131837677896873
330,S-C-7314-04-CMP-001,trt,BRD-K68756823-001-12-9,1.6367,5.0,DMSO,K68756823,BRD-K68756823-001-07-1,FR-180204,MAP kinase inhibitor,BR00122249_24h,O16,4,411,449,411,439,844,380,430,453,938,453,411,3,355,0.020425322700265827
331,S-C-7314-04-CMP-001,trt,BRD-K56932272-001-02-9,2.4378,5.0,DMSO,K56932272,BRD-K56932272-001-02-9,BMS-566419,inosine monophosphate dehydrogenase inhibitor,BR00122249_24h,O17,4,409,440,409,435,893,378,431,441,976,441,409,3,355,0.17391990530676663
332,S-C-7314-04-CMP-001,trt,BRD-A87435144-001-01-6,2.3944,5.0,DMSO,A87435144,BRD-A87435144-001-01-6,AZD7545,pyruvate dehydrogenase kinase inhibitor,BR00122249_24h,O19,4,410,451,410,444,763,387,437,455,868,455,410,3,355,0.19757924068268895
333,S-C-7314-04-CMP-001,trt,BRD-K16803204-001-02-9,2.1275,5.0,DMSO,K16803204,BRD-K16803204-001-01-6,filgotinib,JAK inhibitor,BR00122249_24h,O20,4,504,554,504,546,1093,475,535,556,1213,556,504,3,355,0.050918494738719455
334,S-C-7314-04-CMP-001,trt,BRD-K13094524-001-10-9,1.7369,5.0,DMSO,K13094524,BRD-K13094524-001-04-2,PFI-1,bromodomain inhibitor,BR00122249_24h,O21,4,430,490,430,465,715,377,456,501,855,501,430,3,355,0.12633465383889833
335,S-C-7314-04-CMP-001,trt,BRD-K86118762-001-05-9,2.1075,5.0,DMSO,K86118762,BRD-K86118762-001-08-9,linsitinib,IGF-1 inhibitor,BR00122249_24h,O22,4,463,508,463,494,980,413,486,513,1072,513,463,3,355,0.373015873015873
336,S-C-7314-04-CMP-001,trt,BRD-K73982490-001-04-9,1.8969,5.0,DMSO,K73982490,BRD-K73982490-001-02-9,BI-78D3,JNK inhibitor,BR00122249_24h,O23,4,476,524,476,513,1053,437,506,528,1215,528,476,3,355,0.012570200823776084
337,S-C-7314-04-CMP-001,trt,BRD-K99113996-001-02-0,2.3127,5.0,DMSO,K99113996,BRD-K99113996-001-02-0,AZD2014,mTOR inhibitor,BR00122249_24h,O24,4,350,363,350,360,900,341,357,365,1066,365,350,3,355,0.11932982148083114
338,S-C-7314-04-CMP-001,trt,BRD-K32730239-001-03-9,1.3065,5.0,DMSO,K32730239,BRD-K32730239-001-01-0,SU3327,JNK inhibitor,BR00122249_24h,P01,4,583,618,583,614,1392,560,605,618,1552,618,583,3,355,0.03398895790200138
339,S-C-7314-04-CMP-001,trt,BRD-K54955827-001-03-9,1.6019,5.0,DMSO,K54955827,BRD-K54955827-001-02-2,niraparib,PARP inhibitor,BR00122249_24h,P02,4,377,389,377,387,1016,367,386,389,1189,389,377,3,355,0.09468864468864469
340,S-C-7314-04-CMP-001,trt,BRD-K19477839-001-10-9,1.797,5.0,DMSO,K19477839,BRD-K19477839-001-07-6,SGX523,hepatocyte growth factor receptor inhibitor,BR00122249_24h,P03,4,515,532,515,529,1165,492,527,534,1270,534,515,3,355,0.0110476178388949
341,S-C-7314-04-CMP-001,trt,BRD-K99433989-001-02-9,2.4503,5.0,DMSO,K99433989,BRD-K99433989-001-02-9,SAG,smoothened receptor agonist,BR00122249_24h,P04,4,528,567,528,565,1332,487,557,569,1443,569,528,3,355,0.9166666666666666
342,S-C-7314-04-CMP-001,trt,BRD-K66401437-001-03-3,2.8303,5.0,DMSO,K66401437,BRD-K66401437-001-03-3,THZ1,CDK inhibitor,BR00122249_24h,P05,4,100,108,100,105,244,100,104,130,290,130,100,3,355,1.0
343,S-C-7314-04-CMP-001,trt,BRD-K82941592-238-06-9,2.6182,5.0,DMSO,K82941592,BRD-K82941592-238-03-7,rosuvastatin,HMGCR inhibitor,BR00122249_24h,P07,4,461,487,461,484,1048,438,475,491,1156,491,461,3,355,0.028729306093694965
344,S-C-7314-04-CMP-001,trt,BRD-K72898849-001-03-9,2.5469,5.0,DMSO,K72898849,BRD-K72898849-001-01-8,BLU9931,FGFR inhibitor,BR00122249_24h,P08,4,382,393,382,388,1001,367,388,395,1093,395,382,3,355,0.12035643054751334
345,S-C-7314-04-CMP-001,trt,BRD-K69023402-001-03-3,0.2167,0.333,DMSO,K69023402,BRD-K69023402-001-07-4,Thapsigargin,ER stressor (SERCA inhibitor),BR00122249_24h,P09,4,191,200,191,196,478,188,196,210,590,210,191,3,359,0.029041689862904573
346,S-C-7314-04-CMP-001,trt,BRD-K28936863-051-14-0,2.1275,5.0,DMSO,K28936863,BRD-K28936863-051-32-2,ketotifen,phosphodiesterase inhibitor,BR00122249_24h,P10,4,448,488,448,483,1017,405,473,489,1144,489,448,3,355,0.17414032508372132
347,S-C-7314-04-CMP-001,trt,BRD-K70642949-001-06-9,2.313,5.0,DMSO,K70642949,BRD-K70642949-001-04-5,GSK2334470,phosphoinositide dependent kinase inhibitor,BR00122249_24h,P11,4,456,477,456,475,1075,433,471,479,1184,479,456,3,355,0.7666666666666666
348,S-C-7314-04-CMP-001,trt,BRD-K85776940-001-01-9,1.983,5.0,DMSO,K85776940,BRD-K85776940-001-01-9,delta-Tocotrienol,HMGCR inhibitor,BR00122249_24h,P12,4,513,554,513,549,1051,480,539,556,1181,556,513,3,355,0.050082296176046176
349,S-C-7314-04-CMP-001,trt,BRD-K75009076-001-04-9,1.8813,5.0,DMSO,K75009076,BRD-K75009076-001-02-1,SCH-900776,CHK inhibitor,BR00122249_24h,P13,4,309,345,309,337,814,300,335,352,923,352,309,3,355,0.34407621364143104
350,S-C-7314-04-CMP-001,trt,BRD-K53665955-001-05-9,2.3097,5.0,DMSO,K53665955,BRD-K53665955-001-03-0,MK-5108,Aurora kinase inhibitor,BR00122249_24h,P14,4,349,391,349,372,704,320,371,401,811,401,349,3,355,0.04816017316017316
351,S-C-7314-04-CMP-001,trt,BRD-K62391742-001-19-9,4.3422,5.0,DMSO,K62391742,BRD-K62391742-001-03-0,venetoclax,BCL inhibitor,BR00122249_24h,P15,4,430,462,430,456,1050,397,452,463,1160,463,430,3,355,0.07231034701114489
352,S-C-7314-04-CMP-001,trt,BRD-K13606314-001-02-9,1.7411,5.0,DMSO,K13606314,BRD-K13606314-001-01-3,P5091,ubiquitin specific protease inhibitor,BR00122249_24h,P16,4,438,490,438,471,890,411,467,492,997,492,438,3,355,0.01577877904408517
353,S-C-7314-04-CMP-001,trt,BRD-K17953061-001-05-1,0.012596,0.027,DMSO,K17953061,BRD-K17953061-001-14-3,Staurosporine,Apoptosis inducer (ATP-competitive kinase inhibitor),BR00122249_24h,P17,4,293,355,293,337,674,251,336,389,761,389,293,3,359,0.059715512614063326
354,S-C-7314-04-CMP-001,trt,BRD-K21728777-001-03-9,2.5179,5.0,DMSO,K21728777,BRD-K21728777-001-02-3,AMG900,Aurora kinase inhibitor,BR00122249_24h,P18,4,235,253,235,250,783,226,250,260,884,260,235,3,355,0.34155755325385967
355,S-C-7314-04-CMP-001,trt,BRD-K85606544-001-07-5,2.7852,5.0,DMSO,K85606544,BRD-K85606544-001-09-1,neratinib,EGFR inhibitor,BR00122249_24h,P19,4,318,335,318,328,842,291,325,337,899,337,318,3,355,0.3713615023474179
356,S-C-7314-04-CMP-001,trt,BRD-K63631219-001-01-6,1.1784,5.0,DMSO,K63631219,BRD-K63631219-001-01-6,quazinone,phosphodiesterase inhibitor,BR00122249_24h,P20,4,454,481,454,474,901,428,471,484,1018,484,454,3,355,0.025962555532049927
357,S-C-7314-04-CMP-001,trt,BRD-K13094524-001-10-9,1.7369,5.0,DMSO,K13094524,BRD-K13094524-001-04-2,PFI-1,bromodomain inhibitor,BR00122249_24h,P21,4,417,506,417,478,742,378,474,525,878,525,417,3,355,0.023631353993243176
358,S-C-7314-04-CMP-001,trt,BRD-K82941592-238-06-9,2.6182,5.0,DMSO,K82941592,BRD-K82941592-238-03-7,rosuvastatin,HMGCR inhibitor,BR00122249_24h,P22,4,525,570,525,560,1103,480,549,570,1223,570,525,3,355,0.013730023399382655
359,S-C-7314-04-CMP-001,trt,BRD-K36234266-001-10-6,1.0702,5.0,DMSO,K36234266,BRD-K36234266-001-09-8,carmustine,DNA inhibitor,BR00122249_24h,P24,4,460,505,460,494,983,441,490,507,1142,507,460,3,355,0.00861303900777585
