,Metadata_broad_sample,mean_average_precision,p_value,corrected_p_value,below_p,below_corrected_p
0,BRD-A12994259-001-11-9,0.14227589146319797,0.6059394060593941,0.6195560219258974,False,False
1,BRD-A22769835-300-05-7,0.4085520765783924,0.11758824117588242,0.18449189563802243,False,False
2,BRD-A53576514-048-02-8,0.25704573934837094,0.24097590240975902,0.30039461807243933,False,False
3,BRD-A87435144-001-01-6,0.5403947903947903,0.030296970302969704,0.05301969803019699,True,False
4,BRD-K00818915-001-02-9,0.41630644682115264,0.1090890910908909,0.17415977700475566,False,False
5,BRD-K01826510-001-09-9,0.37062378167641324,0.13658634136586342,0.20375995187366513,False,False
6,BRD-K02965346-001-01-8,1.0,9.999000099990002e-05,0.0004549545045495451,True,True
7,BRD-K03063480-001-08-9,1.0,9.999000099990002e-05,0.0004549545045495451,True,True
8,BRD-K04923131-001-17-9,0.9345238095238095,0.00039996000399960006,0.0016543800165438002,True,True
9,BRD-K06182768-001-02-3,0.21401495291201175,0.32996700329967005,0.3950920697403944,False,False
10,BRD-K06883221-001-02-9,0.1711169506821681,0.46825317468253175,0.5072742725727427,False,False
11,BRD-K09372874-001-02-9,0.6245632801811292,0.015998400159984,0.0323523203235232,True,True
12,BRD-K12511835-003-03-9,0.275535113035113,0.20887911208879112,0.26771829859267593,False,False
13,BRD-K12737986-001-01-4,0.2411340852130326,0.27387261273872615,0.33678929404356867,False,False
14,BRD-K13094524-001-10-9,0.7077614379084968,0.008399160083991601,0.021837816218378162,True,True
15,BRD-K13606314-001-02-9,0.19834239834239833,0.37206279372062795,0.42857866112122966,False,False
16,BRD-K16189898-001-26-9,0.6908155806182121,0.010498950104989501,0.02514222261984328,True,True
17,BRD-K16803204-001-02-9,0.18996903437692914,0.40115988401159886,0.45631936806319373,False,False
18,BRD-K17953061-001-05-1,1.0,9.999000099990002e-05,0.0004549545045495451,True,True
19,BRD-K19477839-001-10-9,0.2907163742690059,0.18868113188681132,0.24884033335796857,False,False
20,BRD-K19871656-001-01-3,0.7547619047619047,0.0031996800319968005,0.009099090090990901,True,True
21,BRD-K20290250-001-03-9,0.5575174825174825,0.0268973102689731,0.04895310468953104,True,True
22,BRD-K21728777-001-03-9,0.7801288244766506,0.0021997800219978004,0.006902758000062064,True,True
23,BRD-K23383398-001-08-1,0.42450175920570654,0.09929007099290071,0.1624837516248375,False,False
24,BRD-K24600306-003-02-9,0.7095580808080808,0.007799220077992201,0.0208743831499203,True,True
25,BRD-K24696047-001-03-9,1.0,9.999000099990002e-05,0.0004549545045495451,True,True
26,BRD-K25433859-003-03-1,0.6568713450292397,0.0117988201179882,0.026842315768423157,True,True
27,BRD-K25611237-001-09-9,0.5567307692307693,0.0268973102689731,0.04895310468953104,True,True
28,BRD-K28936863-051-14-0,0.688864522417154,0.010498950104989501,0.02514222261984328,True,True
29,BRD-K30707190-001-06-9,0.5666666666666667,0.025097490250974904,0.04758065860080659,True,True
30,BRD-K32730239-001-03-9,0.177774064171123,0.4443555644435556,0.4931262971263849,False,False
31,BRD-K33818169-003-04-6,0.33985551485551485,0.15108489151084892,0.2148238301169883,False,False
32,BRD-K36234266-001-10-6,0.1567843884987848,0.5291470852914708,0.5534756869140671,False,False
33,BRD-K37379014-001-02-0,1.0,9.999000099990002e-05,0.0004549545045495451,True,True
34,BRD-K38627885-001-01-9,1.0,9.999000099990002e-05,0.0004549545045495451,True,True
35,BRD-K39520573-001-01-2,0.45218151588120625,0.07039296070392961,0.12086338535957725,False,False
36,BRD-K39974922-001-05-9,0.8375,0.000999900009999,0.00363963603639636,True,True
37,BRD-K44227013-001-15-9,1.0,9.999000099990002e-05,0.0004549545045495451,True,True
38,BRD-K45909031-001-03-9,1.0,9.999000099990002e-05,0.0004549545045495451,True,True
39,BRD-K49669041-001-10-9,0.7742857142857142,0.0024997500249975004,0.007582575075825751,True,True
40,BRD-K50055394-001-04-9,0.35446548821548823,0.14288571142885712,0.2097193506455806,False,False
41,BRD-K53665955-001-05-9,0.3048115079365079,0.17528247175282471,0.2380702228284634,False,False
42,BRD-K53972329-001-12-9,0.31583231583231586,0.16828317168283172,0.23202679732026799,False,False
43,BRD-K54759182-003-09-8,0.2949158771984859,0.1832816718328167,0.24527400201156355,False,False
44,BRD-K54955827-001-03-9,0.42374234059016663,0.0999900009999,0.1624837516248375,False,False
45,BRD-K56301217-001-02-5,0.7637037037037037,0.0025997400259974,0.0076314949150246255,True,True
46,BRD-K56932272-001-02-9,0.7301288244766505,0.0047995200479952005,0.013235040132350401,True,True
47,BRD-K57080016-001-19-1,0.318502331002331,0.16478352164783522,0.2306969303069693,False,False
48,BRD-K60130390-001-02-1,1.0,9.999000099990002e-05,0.0004549545045495451,True,True
49,BRD-K61397605-001-04-2,1.0,9.999000099990002e-05,0.0004549545045495451,True,True
50,BRD-K61688984-001-04-5,0.6504375254375254,0.012898710128987101,0.027297270272972702,True,True
51,BRD-K62391742-001-19-9,0.6548789173789173,0.012898710128987101,0.027297270272972702,True,True
52,BRD-K63631219-001-01-6,0.1841435185185185,0.4216578342165783,0.4737143569593658,False,False
53,BRD-K64881305-001-07-9,1.0,9.999000099990002e-05,0.0004549545045495451,True,True
54,BRD-K66401437-001-03-3,1.0,9.999000099990002e-05,0.0004549545045495451,True,True
55,BRD-K66430217-001-05-9,0.20390324816795405,0.35506449355064496,0.41962167419621677,False,False
56,BRD-K67578145-001-13-9,0.12312578122360732,0.7192280771922808,0.7192280771922808,False,False
57,BRD-K67772619-001-06-9,0.7851731601731602,0.0021997800219978004,0.006902758000062064,True,True
58,BRD-K68756823-001-12-9,0.23447845512473992,0.2870712928707129,0.3483131686831317,False,False
59,BRD-K69023402-001-03-3,1.0,9.999000099990002e-05,0.0004549545045495451,True,True
60,BRD-K70446295-001-04-9,0.39145299145299145,0.1302869713028697,0.2009510913315448,False,False
61,BRD-K70578146-001-13-9,1.0,9.999000099990002e-05,0.0004549545045495451,True,True
62,BRD-K70642949-001-06-9,1.0,9.999000099990002e-05,0.0004549545045495451,True,True
63,BRD-K72898849-001-03-9,0.6132407407407408,0.016998300169983,0.03362707207540116,True,True
64,BRD-K72951360-001-02-9,1.0,9.999000099990002e-05,0.0004549545045495451,True,True
65,BRD-K73397362-001-09-9,0.9583333333333334,0.00039996000399960006,0.0016543800165438002,True,True
66,BRD-K73982490-001-04-9,0.2012261141265718,0.36206379362063795,0.42240775922407764,False,False
67,BRD-K75009076-001-04-9,0.8551136363636364,0.000999900009999,0.00363963603639636,True,True
68,BRD-K76908866-001-08-9,1.0,9.999000099990002e-05,0.0004549545045495451,True,True
69,BRD-K82164249-001-03-5,0.17372441520467835,0.45995400459954006,0.5042869207055198,False,False
70,BRD-K82941592-238-06-9,0.16963268213268215,0.47485251474852513,0.5083715157895975,False,False
71,BRD-K83192048-050-01-9,0.6088955026455026,0.018598140185981403,0.03600916504094271,True,True
72,BRD-K83607951-001-04-9,0.26018083868316066,0.23577642235776422,0.29799520047995204,False,False
73,BRD-K84937637-001-21-9,0.7814924608402869,0.0021997800219978004,0.006902758000062064,True,True
74,BRD-K85606544-001-07-5,0.9083333333333333,0.0006999300069993001,0.002769288288562448,True,True
75,BRD-K85776940-001-01-9,0.15993565258271142,0.5146485351464853,0.5445699616084904,False,False
76,BRD-K86118762-001-05-9,1.0,9.999000099990002e-05,0.0004549545045495451,True,True
77,BRD-K86718786-001-03-9,0.3483951914098973,0.1456854314568543,0.2104345121043451,False,False
78,BRD-K87632963-001-05-9,0.43847402597402596,0.0842915708429157,0.14204690642046905,False,False
79,BRD-K88677950-001-04-9,0.2797089348559937,0.20337966203379662,0.2643935606439356,False,False
80,BRD-K91900765-001-09-9,0.3735464997964998,0.13508649135086492,0.20375995187366513,False,False
81,BRD-K93942811-001-03-9,0.6539351851851852,0.012898710128987101,0.027297270272972702,True,True
82,BRD-K94455792-001-01-8,0.6903166278166278,0.010498950104989501,0.02514222261984328,True,True
83,BRD-K97452254-001-02-9,0.809375,0.0014998500149985001,0.005249475052494751,True,True
84,BRD-K98203492-001-06-9,0.643389780154486,0.013298670132986702,0.027504067775040678,True,True
85,BRD-K98251413-001-07-9,0.142526455026455,0.6048395160483951,0.6195560219258974,False,False
86,BRD-K99092662-001-02-9,0.12590651780280263,0.7024297570242976,0.7102345321023453,False,False
87,BRD-K99113996-001-02-0,0.6560568086883877,0.0117988201179882,0.026842315768423157,True,True
88,BRD-K99433989-001-02-9,1.0,9.999000099990002e-05,0.0004549545045495451,True,True
89,BRD-M87138257-003-01-1,1.0,9.999000099990002e-05,0.0004549545045495451,True,True
90,control,0.12345890399795363,0.0301969803019698,0.05301969803019699,True,False
