,Metadata_plate_map_name,Metadata_control_type,Metadata_broad_sample,Metadata_mg_per_ml,Metadata_mmoles_per_liter,Metadata_solvent,Metadata_BRD ID,Metadata_BRD with batch,Metadata_Common Name,Metadata_MoA,Metadata_Plate,Metadata_Well,Metadata_Site_Count,Metadata_Count_Cells,Metadata_Count_Cytoplasm,Metadata_Count_Nuclei,Metadata_Object_Count,n_pos_pairs,n_total_pairs,average_precision
0,S-C-7314-04-CMP-001,trt,BRD-K62391742-001-19-9,4.3422,5.0,DMSO,K62391742,BRD-K62391742-001-03-0,venetoclax,BCL inhibitor,BR00122249,A01,9,3219,3219,3219,3219,7,383,0.04383675031254634
1,S-C-7314-04-CMP-001,trt,BRD-K19477839-001-10-9,1.797,5.0,DMSO,K19477839,BRD-K19477839-001-07-6,SGX523,hepatocyte growth factor receptor inhibitor,BR00122249,A02,9,3824,3824,3824,3824,7,383,0.03283336419816012
2,S-C-7314-04-CMP-001,trt,BRD-K54759182-003-09-8,1.6595,5.0,DMSO,K54759182,BRD-K54759182-003-08-0,dosulepin,tricyclic antidepressant,BR00122249,A03,9,3838,3838,3838,3838,7,383,0.1568314139742711
3,S-C-7314-04-CMP-001,trt,BRD-K70642949-001-06-9,2.313,5.0,DMSO,K70642949,BRD-K70642949-001-04-5,GSK2334470,phosphoinositide dependent kinase inhibitor,BR00122249,A04,9,2768,2768,2768,2768,7,383,0.5138947388947389
4,S-C-7314-04-CMP-001,trt,BRD-K73397362-001-09-9,2.6031,5.0,DMSO,K73397362,BRD-K73397362-001-06-6,purmorphamine,smoothened receptor agonist,BR00122249,A05,9,3722,3722,3722,3722,7,383,0.08473258204441
5,S-C-7314-04-CMP-001,trt,BRD-K13606314-001-02-9,1.7411,5.0,DMSO,K13606314,BRD-K13606314-001-01-3,P5091,ubiquitin specific protease inhibitor,BR00122249,A06,9,3753,3753,3753,3753,7,383,0.017844726345464166
6,S-C-7314-04-CMP-001,trt,BRD-K82941592-238-06-9,2.6182,5.0,DMSO,K82941592,BRD-K82941592-238-03-7,rosuvastatin,HMGCR inhibitor,BR00122249,A07,9,3915,3915,3915,3915,7,383,0.029021889900935193
7,S-C-7314-04-CMP-001,trt,BRD-K86718786-001-03-9,1.4917,5.0,DMSO,K86718786,BRD-K86718786-001-03-9,SGC-707,protein arginine N-methyltransferase inhibitor,BR00122249,A08,9,4082,4082,4082,4082,7,383,0.02084526675197611
8,S-C-7314-04-CMP-001,trt,BRD-K02965346-001-01-8,2.8404,5.0,DMSO,K02965346,BRD-K02965346-001-07-5,SU-11274,hepatocyte growth factor receptor inhibitor,BR00122249,A09,9,1770,1770,1770,1770,7,383,0.45680503881449797
9,S-C-7314-04-CMP-001,trt,BRD-K36234266-001-10-6,1.0702,5.0,DMSO,K36234266,BRD-K36234266-001-09-8,carmustine,DNA inhibitor,BR00122249,A10,9,3720,3720,3720,3720,7,383,0.01772839394119669
10,S-C-7314-04-CMP-001,trt,BRD-K72898849-001-03-9,2.5469,5.0,DMSO,K72898849,BRD-K72898849-001-01-8,BLU9931,FGFR inhibitor,BR00122249,A11,9,2286,2286,2286,2286,7,383,0.0733072342455043
11,S-C-7314-04-CMP-001,trt,BRD-A87435144-001-01-6,2.3944,5.0,DMSO,A87435144,BRD-A87435144-001-01-6,AZD7545,pyruvate dehydrogenase kinase inhibitor,BR00122249,A12,9,3048,3048,3048,3048,7,383,0.1310099372089955
12,S-C-7314-04-CMP-001,trt,BRD-K94455792-001-01-8,2.7432,5.0,DMSO,K94455792,BRD-K94455792-001-01-8,ICG-001,beta-catenin inhibitor,BR00122249,A13,9,2691,2691,2691,2691,7,383,0.04209351989979369
13,S-C-7314-04-CMP-001,trt,BRD-K01826510-001-09-9,1.8745,5.0,DMSO,K01826510,BRD-K01826510-300-06-9,hydroxyzine,antihistamine,BR00122249,A14,9,4009,4009,4009,4009,7,383,0.13673801317292716
14,S-C-7314-04-CMP-001,trt,BRD-K09372874-001-02-9,2.2623,5.0,DMSO,K09372874,BRD-K09372874-001-01-0,merimepodib,inosine monophosphate dehydrogenase inhibitor,BR00122249,A15,9,1508,1508,1508,1508,7,383,0.2750690019195902
15,S-C-7314-04-CMP-001,trt,BRD-K06182768-001-02-3,1.6472,5.0,DMSO,K06182768,BRD-K06182768-001-06-4,A-366,histone lysine methyltransferase inhibitor,BR00122249,A16,9,3829,3829,3829,3829,7,383,0.026197609555109358
16,S-C-7314-04-CMP-001,trt,BRD-K53972329-001-12-9,1.5318,5.0,DMSO,K53972329,BRD-K53972329-001-07-0,ruxolitinib,JAK inhibitor,BR00122249,A17,9,3855,3855,3855,3855,7,383,0.036819380021840216
17,S-C-7314-04-CMP-001,trt,BRD-K49669041-001-10-9,2.3568,5.0,DMSO,K49669041,BRD-K49669041-001-08-4,BX-912,pyruvate dehydrogenase kinase inhibitor,BR00122249,A18,9,1444,1444,1444,1444,7,383,0.4541466550258106
18,S-C-7314-04-CMP-001,negcon,control,,,DMSO,,,,MoA,BR00122249,A19,9,3911,3911,3911,3911,23,383,0.07167711576852433
19,S-C-7314-04-CMP-001,trt,BRD-K45909031-001-03-9,2.4849,5.0,DMSO,K45909031,BRD-K45909031-001-01-5,WZ4003,AMPK inhibitor,BR00122249,A20,9,3136,3136,3136,3136,3,383,0.8055555555555555
20,S-C-7314-04-CMP-001,trt,BRD-K38627885-001-01-9,2.0674,5.0,DMSO,K38627885,BRD-K38627885-001-01-9,APY0201,phosphoinositide dependent kinase inhibitor,BR00122249,A21,9,2301,2301,2301,2301,7,383,0.5032957286615823
21,S-C-7314-04-CMP-001,trt,BRD-K99092662-001-02-9,1.5286,5.0,DMSO,K99092662,BRD-K99092662-001-01-1,PS178990,androgen receptor modulator,BR00122249,A22,9,3999,3999,3999,3999,7,383,0.01873388723378471
22,S-C-7314-04-CMP-001,trt,BRD-K21728777-001-03-9,2.5179,5.0,DMSO,K21728777,BRD-K21728777-001-02-3,AMG900,Aurora kinase inhibitor,BR00122249,A23,9,932,932,932,932,7,383,0.18106022398330687
23,S-C-7314-04-CMP-001,trt,BRD-K75009076-001-04-9,1.8813,5.0,DMSO,K75009076,BRD-K75009076-001-02-1,SCH-900776,CHK inhibitor,BR00122249,A24,9,815,815,815,815,7,383,0.7499226963512677
24,S-C-7314-04-CMP-001,negcon,control,,,DMSO,,,,MoA,BR00122249,B01,9,4050,4050,4050,4050,23,383,0.10370502417014016
25,S-C-7314-04-CMP-001,trt,BRD-K67578145-001-13-9,1.6719,5.0,DMSO,K67578145,BRD-K67578145-001-09-7,GDC-0879,RAF inhibitor,BR00122249,B02,9,3867,3867,3867,3867,7,383,0.2601136829887663
26,S-C-7314-04-CMP-001,trt,BRD-K67578145-001-13-9,1.6719,5.0,DMSO,K67578145,BRD-K67578145-001-09-7,GDC-0879,RAF inhibitor,BR00122249,B03,9,4555,4555,4555,4555,7,383,0.19100149507601705
27,S-C-7314-04-CMP-001,trt,BRD-K56301217-001-02-5,4.0671,5.0,DMSO,K56301217,BRD-K56301217-001-07-4,ABT-737,BCL inhibitor,BR00122249,B04,9,3036,3036,3036,3036,7,383,0.33570448528053415
28,S-C-7314-04-CMP-001,trt,BRD-K02965346-001-01-8,2.8404,5.0,DMSO,K02965346,BRD-K02965346-001-07-5,SU-11274,hepatocyte growth factor receptor inhibitor,BR00122249,B05,9,2090,2090,2090,2090,7,383,0.45586282333837364
29,S-C-7314-04-CMP-001,trt,BRD-K54759182-003-09-8,1.6595,5.0,DMSO,K54759182,BRD-K54759182-003-08-0,dosulepin,tricyclic antidepressant,BR00122249,B06,9,3727,3727,3727,3727,7,383,0.2595394479630933
30,S-C-7314-04-CMP-001,trt,BRD-K99433989-001-02-9,2.4503,5.0,DMSO,K99433989,BRD-K99433989-001-02-9,SAG,smoothened receptor agonist,BR00122249,B07,9,3600,3600,3600,3600,7,383,0.4368477644476849
31,S-C-7314-04-CMP-001,trt,BRD-K45909031-001-03-9,2.4849,5.0,DMSO,K45909031,BRD-K45909031-001-01-5,WZ4003,AMPK inhibitor,BR00122249,B08,9,3579,3579,3579,3579,3,383,0.8055555555555555
32,S-C-7314-04-CMP-001,trt,BRD-A22769835-300-05-7,1.9389,5.0,DMSO,A22769835,BRD-A22769835-300-05-7,homochlorcyclizine,antihistamine,BR00122249,B09,9,3951,3951,3951,3951,7,383,0.14284901037907513
33,S-C-7314-04-CMP-001,trt,BRD-K98203492-001-06-9,2.0875,5.0,DMSO,K98203492,BRD-K98203492-003-04-1,GSK-J4,histone lysine demethylase inhibitor,BR00122249,B10,9,1421,1421,1421,1421,7,383,0.4197730871024986
34,S-C-7314-04-CMP-001,trt,BRD-K06883221-001-02-9,2.0725,5.0,DMSO,K06883221,BRD-K06883221-001-01-9,apratastat,tumor necrosis factor production inhibitor,BR00122249,B11,9,3918,3918,3918,3918,7,383,0.046137342518106327
35,S-C-7314-04-CMP-001,trt,BRD-K66430217-001-05-9,1.6909,5.0,DMSO,K66430217,BRD-K66430217-001-03-8,KH-CB19,CDC inhibitor,BR00122249,B12,9,4227,4227,4227,4227,7,383,0.13074164731796092
36,S-C-7314-04-CMP-001,trt,BRD-K84937637-001-21-9,4.5709,5.0,DMSO,K84937637,BRD-K84937637-001-11-5,sirolimus,mTOR inhibitor,BR00122249,B13,9,2744,2744,2744,2744,7,383,0.371515097266977
37,S-C-7314-04-CMP-001,trt,BRD-K93942811-001-03-9,1.9224,5.0,DMSO,K93942811,BRD-K93942811-001-01-3,ML-323,ubiquitin specific protease inhibitor,BR00122249,B14,9,3701,3701,3701,3701,7,383,0.050012455632462434
38,S-C-7314-04-CMP-001,trt,BRD-A53576514-048-02-8,2.3075,5.0,DMSO,A53576514,BRD-A53576514-048-14-3,orphenadrine,acetylcholine receptor antagonist,BR00122249,B15,9,3994,3994,3994,3994,7,383,0.14059880490178636
39,S-C-7314-04-CMP-001,negcon,control,,,DMSO,,,,MoA,BR00122249,B16,9,4168,4168,4168,4168,23,383,0.20891646189836313
40,S-C-7314-04-CMP-001,trt,BRD-K56932272-001-02-9,2.4378,5.0,DMSO,K56932272,BRD-K56932272-001-02-9,BMS-566419,inosine monophosphate dehydrogenase inhibitor,BR00122249,B17,9,2427,2427,2427,2427,7,383,0.28708618897388416
41,S-C-7314-04-CMP-001,trt,BRD-K24600306-003-02-9,2.3445,5.0,DMSO,K24600306,BRD-K24600306-003-02-9,ML-298,phospholipase inhibitor,BR00122249,B18,9,4026,4026,4026,4026,7,383,0.051889674485097556
42,S-C-7314-04-CMP-001,trt,BRD-M87138257-003-01-1,2.3499,5.0,DMSO,M87138257,BRD-M87138257-003-01-1,acriflavine,hypoxia inducible factor inhibitor,BR00122249,B19,9,412,412,412,412,7,383,0.452189274007753
43,S-C-7314-04-CMP-001,trt,BRD-K09372874-001-02-9,2.2623,5.0,DMSO,K09372874,BRD-K09372874-001-01-0,merimepodib,inosine monophosphate dehydrogenase inhibitor,BR00122249,B20,9,1616,1616,1616,1616,7,383,0.2217755469844824
44,S-C-7314-04-CMP-001,trt,BRD-K76908866-001-08-9,2.3477,5.0,DMSO,K76908866,BRD-K76908866-001-07-6,CP-724714,EGFR inhibitor,BR00122249,B21,9,3853,3853,3853,3853,7,383,0.0686140805262961
45,S-C-7314-04-CMP-001,trt,BRD-K64881305-001-07-9,2.5853,5.0,DMSO,K64881305,BRD-K64881305-001-05-2,ispinesib,kinesin inhibitor,BR00122249,B22,9,610,610,610,610,7,383,0.1536826735356147
46,S-C-7314-04-CMP-001,negcon,control,,,DMSO,,,,MoA,BR00122249,B23,9,4273,4273,4273,4273,23,383,0.17566379524924958
47,S-C-7314-04-CMP-001,trt,BRD-K49669041-001-10-9,2.3568,5.0,DMSO,K49669041,BRD-K49669041-001-08-4,BX-912,pyruvate dehydrogenase kinase inhibitor,BR00122249,B24,9,1180,1180,1180,1180,7,383,0.45451793101072446
48,S-C-7314-04-CMP-001,trt,BRD-K72951360-001-02-9,3.6182,5.0,DMSO,K72951360,BRD-K72951360-001-01-4,valrubicin,DNA inhibitor,BR00122249,C01,9,236,236,236,236,7,383,0.24172698604473883
49,S-C-7314-04-CMP-001,trt,BRD-K16189898-001-26-9,2.3267,5.0,DMSO,K16189898,BRD-K16189898-003-03-3,CHIR-99021,glycogen synthase kinase inhibitor,BR00122249,C02,9,3388,3388,3388,3388,7,383,0.27204163499431405
50,S-C-7314-04-CMP-001,trt,BRD-M87138257-003-01-1,2.3499,5.0,DMSO,M87138257,BRD-M87138257-003-01-1,acriflavine,hypoxia inducible factor inhibitor,BR00122249,C03,9,348,348,348,348,7,383,0.45291273194065473
51,S-C-7314-04-CMP-001,trt,BRD-K99433989-001-02-9,2.4503,5.0,DMSO,K99433989,BRD-K99433989-001-02-9,SAG,smoothened receptor agonist,BR00122249,C04,9,3721,3721,3721,3721,7,383,0.471393029904994
52,S-C-7314-04-CMP-001,trt,BRD-K85776940-001-01-9,1.983,5.0,DMSO,K85776940,BRD-K85776940-001-01-9,delta-Tocotrienol,HMGCR inhibitor,BR00122249,C05,9,4178,4178,4178,4178,7,383,0.037538766106414566
53,S-C-7314-04-CMP-001,negcon,control,,,DMSO,,,,MoA,BR00122249,C06,9,4080,4080,4080,4080,23,383,0.1270228913775959
54,S-C-7314-04-CMP-001,trt,BRD-K70578146-001-13-9,0.16697,0.133,DMSO,K70578146,BRD-K70578146-001-09-1,DACTINOMYCIN,Apoptosis inducer (transcription inhibitor),BR00122249,C07,9,489,489,489,489,3,383,0.20606060606060606
55,S-C-7314-04-CMP-001,trt,BRD-K97452254-001-02-9,2.3578,5.0,DMSO,K97452254,BRD-K97452254-001-01-3,AMG-925,CDK inhibitor,BR00122249,C08,9,2337,2337,2337,2337,7,383,0.050742927556907146
56,S-C-7314-04-CMP-001,trt,BRD-K68756823-001-12-9,1.6367,5.0,DMSO,K68756823,BRD-K68756823-001-07-1,FR-180204,MAP kinase inhibitor,BR00122249,C09,9,4170,4170,4170,4170,7,383,0.22376873947070994
57,S-C-7314-04-CMP-001,trt,BRD-K60130390-001-02-1,2.7335,5.0,DMSO,K60130390,BRD-K60130390-001-02-1,UNC0642,histone lysine methyltransferase inhibitor,BR00122249,C10,9,3639,3639,3639,3639,7,383,0.232642931005771
58,S-C-7314-04-CMP-001,trt,BRD-K98203492-001-06-9,2.0875,5.0,DMSO,K98203492,BRD-K98203492-003-04-1,GSK-J4,histone lysine demethylase inhibitor,BR00122249,C11,9,1439,1439,1439,1439,7,383,0.42506191169316415
59,S-C-7314-04-CMP-001,trt,BRD-K57080016-001-19-1,2.2884,5.0,DMSO,K57080016,BRD-K57080016-001-01-9,selumetinib,MEK inhibitor,BR00122249,C12,9,3545,3545,3545,3545,7,383,0.17082613039134778
60,S-C-7314-04-CMP-001,trt,BRD-K39520573-001-01-2,2.6047,5.0,DMSO,K39520573,BRD-K39520573-001-03-8,GW-5074,RAF inhibitor,BR00122249,C13,9,3991,3991,3991,3991,7,383,0.07436150244009268
61,S-C-7314-04-CMP-001,trt,BRD-K61397605-001-04-2,2.7035,5.0,DMSO,K61397605,BRD-K61397605-001-07-5,romidepsin,HDAC inhibitor,BR00122249,C14,9,620,620,620,620,7,383,0.10160152589607249
62,S-C-7314-04-CMP-001,trt,BRD-K61688984-001-04-5,1.812,5.0,DMSO,K61688984,BRD-K61688984-001-02-9,RGFP966,HDAC inhibitor,BR00122249,C15,9,2840,2840,2840,2840,7,383,0.24770433299182354
63,S-C-7314-04-CMP-001,trt,BRD-K37379014-001-02-0,2.1024,5.0,DMSO,K37379014,BRD-K37379014-001-01-2,filanesib,kinesin inhibitor,BR00122249,C16,9,674,674,674,674,7,383,0.3250069723906933
64,S-C-7314-04-CMP-001,trt,BRD-K19477839-001-10-9,1.797,5.0,DMSO,K19477839,BRD-K19477839-001-07-6,SGX523,hepatocyte growth factor receptor inhibitor,BR00122249,C17,9,3962,3962,3962,3962,7,383,0.016989134265060678
65,S-C-7314-04-CMP-001,trt,BRD-K28936863-051-14-0,2.1275,5.0,DMSO,K28936863,BRD-K28936863-051-32-2,ketotifen,phosphodiesterase inhibitor,BR00122249,C18,9,4035,4035,4035,4035,7,383,0.05540623642883232
66,S-C-7314-04-CMP-001,trt,BRD-K67772619-001-06-9,1.4213,5.0,DMSO,K67772619,BRD-K67772619-001-05-1,rheochrysidin,protein tyrosine kinase inhibitor,BR00122249,C19,9,3780,3780,3780,3780,7,383,0.3502837278220034
67,S-C-7314-04-CMP-001,trt,BRD-A53576514-048-02-8,2.3075,5.0,DMSO,A53576514,BRD-A53576514-048-14-3,orphenadrine,acetylcholine receptor antagonist,BR00122249,C20,9,4085,4085,4085,4085,7,383,0.05422457568583754
68,S-C-7314-04-CMP-001,trt,BRD-K91900765-001-09-9,2.1813,5.0,DMSO,K91900765,BRD-K91900765-001-08-4,VX-745,p38 MAPK inhibitor,BR00122249,C21,9,3889,3889,3889,3889,7,383,0.029002739363177793
69,S-C-7314-04-CMP-001,trt,BRD-K56301217-001-02-5,4.0671,5.0,DMSO,K56301217,BRD-K56301217-001-07-4,ABT-737,BCL inhibitor,BR00122249,C22,9,3030,3030,3030,3030,7,383,0.46341462757879365
70,S-C-7314-04-CMP-001,trt,BRD-K23383398-001-08-1,2.4067,5.0,DMSO,K23383398,BRD-K23383398-001-09-9,T-0901317,LXR agonist,BR00122249,C23,9,3771,3771,3771,3771,7,383,0.6562932865453873
71,S-C-7314-04-CMP-001,trt,BRD-K24696047-001-03-9,2.1978,5.0,DMSO,K24696047,BRD-K24696047-001-02-3,NVP-AEW541,IGF-1 inhibitor,BR00122249,C24,9,2829,2829,2829,2829,7,383,0.7034252297410192
72,S-C-7314-04-CMP-001,trt,BRD-K00818915-001-02-9,1.7613,5.0,DMSO,K00818915,BRD-K00818915-003-01-8,SHP099,protein tyrosine kinase inhibitor,BR00122249,D01,9,3828,3828,3828,3828,7,383,0.2151714819796314
73,S-C-7314-04-CMP-001,trt,BRD-K39974922-001-05-9,2.1343,5.0,DMSO,K39974922,BRD-K39974922-001-04-3,lenvatinib,FGFR inhibitor,BR00122249,D02,9,2995,2995,2995,2995,7,383,0.4941121390190317
74,S-C-7314-04-CMP-001,trt,BRD-K61397605-001-04-2,2.7035,5.0,DMSO,K61397605,BRD-K61397605-001-07-5,romidepsin,HDAC inhibitor,BR00122249,D03,9,671,671,671,671,7,383,0.20251202884588268
75,S-C-7314-04-CMP-001,trt,BRD-K50055394-001-04-9,2.0844,5.0,DMSO,K50055394,BRD-K50055394-001-03-6,halopemide,phospholipase inhibitor,BR00122249,D04,9,4166,4166,4166,4166,7,383,0.2426471017802287
76,S-C-7314-04-CMP-001,trt,BRD-K49669041-001-10-9,2.3568,5.0,DMSO,K49669041,BRD-K49669041-001-08-4,BX-912,pyruvate dehydrogenase kinase inhibitor,BR00122249,D05,9,1634,1634,1634,1634,7,383,0.4485473002965686
77,S-C-7314-04-CMP-001,trt,BRD-A12994259-001-11-9,1.3662,5.0,DMSO,A12994259,BRD-A12994259-001-02-1,pomalidomide,tumor necrosis factor production inhibitor,BR00122249,D06,9,4055,4055,4055,4055,7,383,0.11686977589039446
78,S-C-7314-04-CMP-001,trt,BRD-K73982490-001-04-9,1.8969,5.0,DMSO,K73982490,BRD-K73982490-001-02-9,BI-78D3,JNK inhibitor,BR00122249,D07,9,4121,4121,4121,4121,7,383,0.03101478705548726
79,S-C-7314-04-CMP-001,trt,BRD-K19871656-001-01-3,1.8291,5.0,DMSO,K19871656,BRD-K19871656-001-01-3,CPI-0610,bromodomain inhibitor,BR00122249,D08,9,3115,3115,3115,3115,7,383,0.7384877027734171
80,S-C-7314-04-CMP-001,trt,BRD-K68756823-001-12-9,1.6367,5.0,DMSO,K68756823,BRD-K68756823-001-07-1,FR-180204,MAP kinase inhibitor,BR00122249,D09,9,4192,4192,4192,4192,7,383,0.16894518276279546
81,S-C-7314-04-CMP-001,negcon,control,,,DMSO,,,,MoA,BR00122249,D10,9,3934,3934,3934,3934,23,383,0.13899377947548608
82,S-C-7314-04-CMP-001,trt,BRD-K63631219-001-01-6,1.1784,5.0,DMSO,K63631219,BRD-K63631219-001-01-6,quazinone,phosphodiesterase inhibitor,BR00122249,D11,9,3980,3980,3980,3980,7,383,0.08499726479826683
83,S-C-7314-04-CMP-001,trt,BRD-K99113996-001-02-0,2.3127,5.0,DMSO,K99113996,BRD-K99113996-001-02-0,AZD2014,mTOR inhibitor,BR00122249,D12,9,1441,1441,1441,1441,7,383,0.58221815874259
84,S-C-7314-04-CMP-001,trt,BRD-K99113996-001-02-0,2.3127,5.0,DMSO,K99113996,BRD-K99113996-001-02-0,AZD2014,mTOR inhibitor,BR00122249,D13,9,1537,1537,1537,1537,7,383,0.5775960328389996
85,S-C-7314-04-CMP-001,trt,BRD-K01826510-001-09-9,1.8745,5.0,DMSO,K01826510,BRD-K01826510-300-06-9,hydroxyzine,antihistamine,BR00122249,D14,9,4097,4097,4097,4097,7,383,0.07921743583942277
86,S-C-7314-04-CMP-001,trt,BRD-K37379014-001-02-0,2.1024,5.0,DMSO,K37379014,BRD-K37379014-001-01-2,filanesib,kinesin inhibitor,BR00122249,D15,9,774,774,774,774,7,383,0.37943206073775465
87,S-C-7314-04-CMP-001,trt,BRD-K98251413-001-07-9,1.7617,5.0,DMSO,K98251413,BRD-K98251413-001-04-0,IOX2,hypoxia inducible factor inhibitor,BR00122249,D16,9,3936,3936,3936,3936,7,383,0.018300525841511015
88,S-C-7314-04-CMP-001,trt,BRD-K44227013-001-15-9,2.6628,5.0,DMSO,K44227013,BRD-K44227013-001-08-0,ponatinib,Bcr-Abl kinase inhibitor,BR00122249,D17,9,604,604,604,604,7,383,0.19291106927643314
89,S-C-7314-04-CMP-001,trt,BRD-K20290250-001-03-9,2.0624,5.0,DMSO,K20290250,BRD-K20290250-001-02-1,BIX-02188,MEK inhibitor,BR00122249,D18,9,3918,3918,3918,3918,7,383,0.15990636402256356
90,S-C-7314-04-CMP-001,trt,BRD-K24696047-001-03-9,2.1978,5.0,DMSO,K24696047,BRD-K24696047-001-02-3,NVP-AEW541,IGF-1 inhibitor,BR00122249,D19,9,3024,3024,3024,3024,7,383,0.8126984126984127
91,S-C-7314-04-CMP-001,trt,BRD-K00818915-001-02-9,1.7613,5.0,DMSO,K00818915,BRD-K00818915-003-01-8,SHP099,protein tyrosine kinase inhibitor,BR00122249,D20,9,3937,3937,3937,3937,7,383,0.030700476843568938
92,S-C-7314-04-CMP-001,trt,BRD-K03063480-001-08-9,2.0974,5.0,DMSO,K03063480,BRD-K03063480-001-06-6,PF-477736,CHK inhibitor,BR00122249,D21,9,392,392,392,392,7,383,0.5840419501133786
93,S-C-7314-04-CMP-001,trt,BRD-K24696047-001-03-9,2.1978,5.0,DMSO,K24696047,BRD-K24696047-001-02-3,NVP-AEW541,IGF-1 inhibitor,BR00122249,D22,9,2955,2955,2955,2955,7,383,0.8431772709083634
94,S-C-7314-04-CMP-001,trt,BRD-K54759182-003-09-8,1.6595,5.0,DMSO,K54759182,BRD-K54759182-003-08-0,dosulepin,tricyclic antidepressant,BR00122249,D23,9,3889,3889,3889,3889,7,383,0.04339583456486002
95,S-C-7314-04-CMP-001,trt,BRD-K99092662-001-02-9,1.5286,5.0,DMSO,K99092662,BRD-K99092662-001-01-1,PS178990,androgen receptor modulator,BR00122249,D24,9,3978,3978,3978,3978,7,383,0.029000805720630518
96,S-C-7314-04-CMP-001,trt,BRD-K00818915-001-02-9,1.7613,5.0,DMSO,K00818915,BRD-K00818915-003-01-8,SHP099,protein tyrosine kinase inhibitor,BR00122249,E01,9,3951,3951,3951,3951,7,383,0.1644016965285743
97,S-C-7314-04-CMP-001,trt,BRD-K39974922-001-05-9,2.1343,5.0,DMSO,K39974922,BRD-K39974922-001-04-3,lenvatinib,FGFR inhibitor,BR00122249,E02,9,3315,3315,3315,3315,7,383,0.29368392791660114
98,S-C-7314-04-CMP-001,trt,BRD-K19871656-001-01-3,1.8291,5.0,DMSO,K19871656,BRD-K19871656-001-01-3,CPI-0610,bromodomain inhibitor,BR00122249,E03,9,3189,3189,3189,3189,7,383,0.6437441643323997
99,S-C-7314-04-CMP-001,trt,BRD-K98203492-001-06-9,2.0875,5.0,DMSO,K98203492,BRD-K98203492-003-04-1,GSK-J4,histone lysine demethylase inhibitor,BR00122249,E04,9,1484,1484,1484,1484,7,383,0.45708080148505026
100,S-C-7314-04-CMP-001,trt,BRD-K28936863-051-14-0,2.1275,5.0,DMSO,K28936863,BRD-K28936863-051-32-2,ketotifen,phosphodiesterase inhibitor,BR00122249,E05,9,4094,4094,4094,4094,7,383,0.08863518522708418
101,S-C-7314-04-CMP-001,trt,BRD-K04923131-001-17-9,1.7809,5.0,DMSO,K04923131,BRD-K04923131-001-15-4,GSK-3-inhibitor-IX,glycogen synthase kinase inhibitor,BR00122249,E06,9,1806,1806,1806,1806,7,383,0.46267423647483624
102,S-C-7314-04-CMP-001,trt,BRD-K36234266-001-10-6,1.0702,5.0,DMSO,K36234266,BRD-K36234266-001-09-8,carmustine,DNA inhibitor,BR00122249,E07,9,4021,4021,4021,4021,7,383,0.014244402446070661
103,S-C-7314-04-CMP-001,trt,BRD-K44227013-001-15-9,2.6628,5.0,DMSO,K44227013,BRD-K44227013-001-08-0,ponatinib,Bcr-Abl kinase inhibitor,BR00122249,E08,9,709,709,709,709,7,383,0.23303668266649144
104,S-C-7314-04-CMP-001,trt,BRD-K85606544-001-07-5,2.7852,5.0,DMSO,K85606544,BRD-K85606544-001-09-1,neratinib,EGFR inhibitor,BR00122249,E09,9,1878,1878,1878,1878,7,383,0.45461963560765917
105,S-C-7314-04-CMP-001,trt,BRD-K13094524-001-10-9,1.7369,5.0,DMSO,K13094524,BRD-K13094524-001-04-2,PFI-1,bromodomain inhibitor,BR00122249,E10,9,3541,3541,3541,3541,7,383,0.3170172031516569
106,S-C-7314-04-CMP-001,trt,BRD-K83607951-001-04-9,2.1271,5.0,DMSO,K83607951,BRD-K83607951-001-02-2,skepinone-l,p38 MAPK inhibitor,BR00122249,E11,9,3192,3192,3192,3192,7,383,0.10798964538737128
107,S-C-7314-04-CMP-001,trt,BRD-M87138257-003-01-1,2.3499,5.0,DMSO,M87138257,BRD-M87138257-003-01-1,acriflavine,hypoxia inducible factor inhibitor,BR00122249,E12,9,344,344,344,344,7,383,0.45604704361572496
108,S-C-7314-04-CMP-001,negcon,control,,,DMSO,,,,MoA,BR00122249,E13,9,3883,3883,3883,3883,23,383,0.08782637832378463
109,S-C-7314-04-CMP-001,trt,BRD-K76908866-001-08-9,2.3477,5.0,DMSO,K76908866,BRD-K76908866-001-07-6,CP-724714,EGFR inhibitor,BR00122249,E14,9,3766,3766,3766,3766,7,383,0.10228315633875322
110,S-C-7314-04-CMP-001,trt,BRD-K24696047-001-03-9,2.1978,5.0,DMSO,K24696047,BRD-K24696047-001-02-3,NVP-AEW541,IGF-1 inhibitor,BR00122249,E15,9,2830,2830,2830,2830,7,383,0.9340659340659341
111,S-C-7314-04-CMP-001,trt,BRD-K54759182-003-09-8,1.6595,5.0,DMSO,K54759182,BRD-K54759182-003-08-0,dosulepin,tricyclic antidepressant,BR00122249,E16,9,3922,3922,3922,3922,7,383,0.046574697871652825
112,S-C-7314-04-CMP-001,trt,BRD-K84937637-001-21-9,4.5709,5.0,DMSO,K84937637,BRD-K84937637-001-11-5,sirolimus,mTOR inhibitor,BR00122249,E17,9,2577,2577,2577,2577,7,383,0.29026273674324266
113,S-C-7314-04-CMP-001,trt,BRD-K88677950-001-04-9,2.3812,5.0,DMSO,K88677950,BRD-K88677950-001-03-9,PD-198306,MAP kinase inhibitor,BR00122249,E18,9,3762,3762,3762,3762,7,383,0.09952187452187451
114,S-C-7314-04-CMP-001,trt,BRD-K03063480-001-08-9,2.0974,5.0,DMSO,K03063480,BRD-K03063480-001-06-6,PF-477736,CHK inhibitor,BR00122249,E19,9,432,432,432,432,7,383,0.6996598639455781
115,S-C-7314-04-CMP-001,trt,BRD-K09372874-001-02-9,2.2623,5.0,DMSO,K09372874,BRD-K09372874-001-01-0,merimepodib,inosine monophosphate dehydrogenase inhibitor,BR00122249,E20,9,1448,1448,1448,1448,7,383,0.26316413971286357
116,S-C-7314-04-CMP-001,trt,BRD-K69023402-001-03-3,0.2167,0.333,DMSO,K69023402,BRD-K69023402-001-07-4,Thapsigargin,ER stressor (SERCA inhibitor),BR00122249,E21,9,265,265,265,265,3,383,0.19380505825518612
117,S-C-7314-04-CMP-001,trt,BRD-K56932272-001-02-9,2.4378,5.0,DMSO,K56932272,BRD-K56932272-001-02-9,BMS-566419,inosine monophosphate dehydrogenase inhibitor,BR00122249,E22,9,2498,2498,2498,2498,7,383,0.4415449188848314
118,S-C-7314-04-CMP-001,trt,BRD-K32730239-001-03-9,1.3065,5.0,DMSO,K32730239,BRD-K32730239-001-01-0,SU3327,JNK inhibitor,BR00122249,E23,9,3046,3046,3046,3046,7,383,0.028798124920744857
119,S-C-7314-04-CMP-001,negcon,control,,,DMSO,,,,MoA,BR00122249,E24,9,4136,4136,4136,4136,23,383,0.12302633273007461
120,S-C-7314-04-CMP-001,trt,BRD-K16189898-001-26-9,2.3267,5.0,DMSO,K16189898,BRD-K16189898-003-03-3,CHIR-99021,glycogen synthase kinase inhibitor,BR00122249,F01,9,3351,3351,3351,3351,7,383,0.30076781493914156
121,S-C-7314-04-CMP-001,trt,BRD-K73982490-001-04-9,1.8969,5.0,DMSO,K73982490,BRD-K73982490-001-02-9,BI-78D3,JNK inhibitor,BR00122249,F02,9,4129,4129,4129,4129,7,383,0.04384058650055278
122,S-C-7314-04-CMP-001,trt,BRD-K86718786-001-03-9,1.4917,5.0,DMSO,K86718786,BRD-K86718786-001-03-9,SGC-707,protein arginine N-methyltransferase inhibitor,BR00122249,F03,9,4038,4038,4038,4038,7,383,0.06784612206445853
123,S-C-7314-04-CMP-001,trt,BRD-K61397605-001-04-2,2.7035,5.0,DMSO,K61397605,BRD-K61397605-001-07-5,romidepsin,HDAC inhibitor,BR00122249,F04,9,531,531,531,531,7,383,0.1316243013499224
124,S-C-7314-04-CMP-001,trt,BRD-K56301217-001-02-5,4.0671,5.0,DMSO,K56301217,BRD-K56301217-001-07-4,ABT-737,BCL inhibitor,BR00122249,F05,9,2937,2937,2937,2937,7,383,0.20831750350958078
125,S-C-7314-04-CMP-001,trt,BRD-K70642949-001-06-9,2.313,5.0,DMSO,K70642949,BRD-K70642949-001-04-5,GSK2334470,phosphoinositide dependent kinase inhibitor,BR00122249,F06,9,2891,2891,2891,2891,7,383,0.45257226877398554
126,S-C-7314-04-CMP-001,trt,BRD-K91900765-001-09-9,2.1813,5.0,DMSO,K91900765,BRD-K91900765-001-08-4,VX-745,p38 MAPK inhibitor,BR00122249,F07,9,3868,3868,3868,3868,7,383,0.04996465134801515
127,S-C-7314-04-CMP-001,trt,BRD-A22769835-300-05-7,1.9389,5.0,DMSO,A22769835,BRD-A22769835-300-05-7,homochlorcyclizine,antihistamine,BR00122249,F08,9,4039,4039,4039,4039,7,383,0.1566923696591234
128,S-C-7314-04-CMP-001,trt,BRD-K94455792-001-01-8,2.7432,5.0,DMSO,K94455792,BRD-K94455792-001-01-8,ICG-001,beta-catenin inhibitor,BR00122249,F09,9,2698,2698,2698,2698,7,383,0.10454522149654377
129,S-C-7314-04-CMP-001,trt,BRD-K12737986-001-01-4,1.2215,5.0,DMSO,K12737986,BRD-K12737986-001-01-4,veliparib,PARP inhibitor,BR00122249,F10,9,3775,3775,3775,3775,7,383,0.03362360989202868
130,S-C-7314-04-CMP-001,trt,BRD-K64881305-001-07-9,2.5853,5.0,DMSO,K64881305,BRD-K64881305-001-05-2,ispinesib,kinesin inhibitor,BR00122249,F11,9,653,653,653,653,7,383,0.293732980997277
131,S-C-7314-04-CMP-001,trt,BRD-K66401437-001-03-3,2.8303,5.0,DMSO,K66401437,BRD-K66401437-001-03-3,THZ1,CDK inhibitor,BR00122249,F12,9,285,285,285,285,7,383,0.24199296229030254
132,S-C-7314-04-CMP-001,trt,BRD-K21728777-001-03-9,2.5179,5.0,DMSO,K21728777,BRD-K21728777-001-02-3,AMG900,Aurora kinase inhibitor,BR00122249,F13,9,935,935,935,935,7,383,0.3605506748153807
133,S-C-7314-04-CMP-001,trt,BRD-K85606544-001-07-5,2.7852,5.0,DMSO,K85606544,BRD-K85606544-001-09-1,neratinib,EGFR inhibitor,BR00122249,F14,9,1825,1825,1825,1825,7,383,0.4097700767994956
134,S-C-7314-04-CMP-001,trt,BRD-K13606314-001-02-9,1.7411,5.0,DMSO,K13606314,BRD-K13606314-001-01-3,P5091,ubiquitin specific protease inhibitor,BR00122249,F15,9,3939,3939,3939,3939,7,383,0.043743273940616514
135,S-C-7314-04-CMP-001,trt,BRD-K82164249-001-03-5,2.2068,5.0,DMSO,K82164249,BRD-K82164249-001-03-5,andarine,androgen receptor modulator,BR00122249,F16,9,4129,4129,4129,4129,7,383,0.044977706943156934
136,S-C-7314-04-CMP-001,trt,BRD-K23383398-001-08-1,2.4067,5.0,DMSO,K23383398,BRD-K23383398-001-09-9,T-0901317,LXR agonist,BR00122249,F17,9,3590,3590,3590,3590,7,383,0.5389748109790528
137,S-C-7314-04-CMP-001,trt,BRD-K37379014-001-02-0,2.1024,5.0,DMSO,K37379014,BRD-K37379014-001-01-2,filanesib,kinesin inhibitor,BR00122249,F18,9,644,644,644,644,7,383,0.3799413553646963
138,S-C-7314-04-CMP-001,trt,BRD-K83607951-001-04-9,2.1271,5.0,DMSO,K83607951,BRD-K83607951-001-02-2,skepinone-l,p38 MAPK inhibitor,BR00122249,F19,9,3768,3768,3768,3768,7,383,0.03146923146325311
139,S-C-7314-04-CMP-001,trt,BRD-K88677950-001-04-9,2.3812,5.0,DMSO,K88677950,BRD-K88677950-001-03-9,PD-198306,MAP kinase inhibitor,BR00122249,F20,9,3703,3703,3703,3703,7,383,0.13583816954815447
140,S-C-7314-04-CMP-001,negcon,control,,,DMSO,,,,MoA,BR00122249,F21,9,4332,4332,4332,4332,23,383,0.1648767202486892
141,S-C-7314-04-CMP-001,trt,BRD-K17953061-001-05-1,0.012596,0.027,DMSO,K17953061,BRD-K17953061-001-14-3,Staurosporine,Apoptosis inducer (ATP-competitive kinase inhibitor),BR00122249,F22,9,1049,1049,1049,1049,3,383,0.30277777777777776
142,S-C-7314-04-CMP-001,trt,BRD-K19871656-001-01-3,1.8291,5.0,DMSO,K19871656,BRD-K19871656-001-01-3,CPI-0610,bromodomain inhibitor,BR00122249,F23,9,3109,3109,3109,3109,7,383,0.5510313216195569
143,S-C-7314-04-CMP-001,trt,BRD-K23383398-001-08-1,2.4067,5.0,DMSO,K23383398,BRD-K23383398-001-09-9,T-0901317,LXR agonist,BR00122249,F24,9,3536,3536,3536,3536,7,383,0.4728857452071738
144,S-C-7314-04-CMP-001,trt,BRD-K86718786-001-03-9,1.4917,5.0,DMSO,K86718786,BRD-K86718786-001-03-9,SGC-707,protein arginine N-methyltransferase inhibitor,BR00122249,G01,9,3791,3791,3791,3791,7,383,0.048399514053319666
145,S-C-7314-04-CMP-001,trt,BRD-K20290250-001-03-9,2.0624,5.0,DMSO,K20290250,BRD-K20290250-001-02-1,BIX-02188,MEK inhibitor,BR00122249,G02,9,4069,4069,4069,4069,7,383,0.27628145073944094
146,S-C-7314-04-CMP-001,negcon,control,,,DMSO,,,,MoA,BR00122249,G03,9,3868,3868,3868,3868,23,383,0.15545898212022957
147,S-C-7314-04-CMP-001,trt,BRD-K72951360-001-02-9,3.6182,5.0,DMSO,K72951360,BRD-K72951360-001-01-4,valrubicin,DNA inhibitor,BR00122249,G04,9,545,545,545,545,7,383,0.13883849052994796
148,S-C-7314-04-CMP-001,trt,BRD-K53665955-001-05-9,2.3097,5.0,DMSO,K53665955,BRD-K53665955-001-03-0,MK-5108,Aurora kinase inhibitor,BR00122249,G05,9,2865,2865,2865,2865,7,383,0.44280693478187133
149,S-C-7314-04-CMP-001,trt,BRD-K82164249-001-03-5,2.2068,5.0,DMSO,K82164249,BRD-K82164249-001-03-5,andarine,androgen receptor modulator,BR00122249,G06,9,3776,3776,3776,3776,7,383,0.09801412653351875
150,S-C-7314-04-CMP-001,trt,BRD-K06182768-001-02-3,1.6472,5.0,DMSO,K06182768,BRD-K06182768-001-06-4,A-366,histone lysine methyltransferase inhibitor,BR00122249,G07,9,3859,3859,3859,3859,7,383,0.022886549396599787
151,S-C-7314-04-CMP-001,trt,BRD-K62391742-001-19-9,4.3422,5.0,DMSO,K62391742,BRD-K62391742-001-03-0,venetoclax,BCL inhibitor,BR00122249,G08,9,3936,3936,3936,3936,7,383,0.03962110037350757
152,S-C-7314-04-CMP-001,trt,BRD-K60130390-001-02-1,2.7335,5.0,DMSO,K60130390,BRD-K60130390-001-02-1,UNC0642,histone lysine methyltransferase inhibitor,BR00122249,G09,9,3783,3783,3783,3783,7,383,0.44216785819827625
153,S-C-7314-04-CMP-001,trt,BRD-K00818915-001-02-9,1.7613,5.0,DMSO,K00818915,BRD-K00818915-003-01-8,SHP099,protein tyrosine kinase inhibitor,BR00122249,G10,9,4791,4791,4791,4791,7,383,0.11578751570136969
154,S-C-7314-04-CMP-001,trt,BRD-K61397605-001-04-2,2.7035,5.0,DMSO,K61397605,BRD-K61397605-001-07-5,romidepsin,HDAC inhibitor,BR00122249,G11,9,659,659,659,659,7,383,0.10224025543251485
155,S-C-7314-04-CMP-001,trt,BRD-K73982490-001-04-9,1.8969,5.0,DMSO,K73982490,BRD-K73982490-001-02-9,BI-78D3,JNK inhibitor,BR00122249,G12,9,4003,4003,4003,4003,7,383,0.08811799127413746
156,S-C-7314-04-CMP-001,trt,BRD-K98251413-001-07-9,1.7617,5.0,DMSO,K98251413,BRD-K98251413-001-04-0,IOX2,hypoxia inducible factor inhibitor,BR00122249,G13,9,4172,4172,4172,4172,7,383,0.0179822731716651
157,S-C-7314-04-CMP-001,trt,BRD-K61688984-001-04-5,1.812,5.0,DMSO,K61688984,BRD-K61688984-001-02-9,RGFP966,HDAC inhibitor,BR00122249,G14,9,2511,2511,2511,2511,7,383,0.3549565759359729
158,S-C-7314-04-CMP-001,trt,BRD-K16189898-001-26-9,2.3267,5.0,DMSO,K16189898,BRD-K16189898-003-03-3,CHIR-99021,glycogen synthase kinase inhibitor,BR00122249,G15,9,3521,3521,3521,3521,7,383,0.29776653636943146
159,S-C-7314-04-CMP-001,trt,BRD-K66430217-001-05-9,1.6909,5.0,DMSO,K66430217,BRD-K66430217-001-03-8,KH-CB19,CDC inhibitor,BR00122249,G16,9,4207,4207,4207,4207,7,383,0.03902048167419796
160,S-C-7314-04-CMP-001,trt,BRD-K75009076-001-04-9,1.8813,5.0,DMSO,K75009076,BRD-K75009076-001-02-1,SCH-900776,CHK inhibitor,BR00122249,G17,9,785,785,785,785,7,383,0.7953308596165739
161,S-C-7314-04-CMP-001,trt,BRD-K38627885-001-01-9,2.0674,5.0,DMSO,K38627885,BRD-K38627885-001-01-9,APY0201,phosphoinositide dependent kinase inhibitor,BR00122249,G18,9,1997,1997,1997,1997,7,383,0.4802176261625158
162,S-C-7314-04-CMP-001,trt,BRD-A12994259-001-11-9,1.3662,5.0,DMSO,A12994259,BRD-A12994259-001-02-1,pomalidomide,tumor necrosis factor production inhibitor,BR00122249,G19,9,3640,3640,3640,3640,7,383,0.044458629111073004
163,S-C-7314-04-CMP-001,trt,BRD-K87632963-001-05-9,2.0918,5.0,DMSO,K87632963,BRD-K87632963-001-05-9,GNF-5,Bcr-Abl kinase inhibitor,BR00122249,G20,9,3972,3972,3972,3972,7,383,0.16726485462781635
164,S-C-7314-04-CMP-001,trt,BRD-K49669041-001-10-9,2.3568,5.0,DMSO,K49669041,BRD-K49669041-001-08-4,BX-912,pyruvate dehydrogenase kinase inhibitor,BR00122249,G21,9,1460,1460,1460,1460,7,383,0.36288852894553997
165,S-C-7314-04-CMP-001,trt,BRD-A22769835-300-05-7,1.9389,5.0,DMSO,A22769835,BRD-A22769835-300-05-7,homochlorcyclizine,antihistamine,BR00122249,G22,9,3979,3979,3979,3979,7,383,0.11194935499283325
166,S-C-7314-04-CMP-001,trt,BRD-K86118762-001-05-9,2.1075,5.0,DMSO,K86118762,BRD-K86118762-001-08-9,linsitinib,IGF-1 inhibitor,BR00122249,G23,9,3129,3129,3129,3129,7,383,0.6414141414141413
167,S-C-7314-04-CMP-001,trt,BRD-K39520573-001-01-2,2.6047,5.0,DMSO,K39520573,BRD-K39520573-001-03-8,GW-5074,RAF inhibitor,BR00122249,G24,9,3822,3822,3822,3822,7,383,0.02092338366755697
168,S-C-7314-04-CMP-001,trt,BRD-K50055394-001-04-9,2.0844,5.0,DMSO,K50055394,BRD-K50055394-001-03-6,halopemide,phospholipase inhibitor,BR00122249,H01,9,3769,3769,3769,3769,7,383,0.08419440403895816
169,S-C-7314-04-CMP-001,trt,BRD-K25433859-003-03-1,1.5693,5.0,DMSO,K25433859,BRD-K25433859-003-23-9,maprotiline,tricyclic antidepressant,BR00122249,H02,9,3659,3659,3659,3659,7,383,0.42193570840187383
170,S-C-7314-04-CMP-001,trt,BRD-K53972329-001-12-9,1.5318,5.0,DMSO,K53972329,BRD-K53972329-001-07-0,ruxolitinib,JAK inhibitor,BR00122249,H03,9,3874,3874,3874,3874,7,383,0.17823583526489487
171,S-C-7314-04-CMP-001,trt,BRD-K91900765-001-09-9,2.1813,5.0,DMSO,K91900765,BRD-K91900765-001-08-4,VX-745,p38 MAPK inhibitor,BR00122249,H04,9,3871,3871,3871,3871,7,383,0.030355731917817496
172,S-C-7314-04-CMP-001,trt,BRD-K39974922-001-05-9,2.1343,5.0,DMSO,K39974922,BRD-K39974922-001-04-3,lenvatinib,FGFR inhibitor,BR00122249,H05,9,3215,3215,3215,3215,7,383,0.19609103323290647
173,S-C-7314-04-CMP-001,negcon,control,,,DMSO,,,,MoA,BR00122249,H06,9,3892,3892,3892,3892,23,383,0.1410649572417473
174,S-C-7314-04-CMP-001,trt,BRD-K39520573-001-01-2,2.6047,5.0,DMSO,K39520573,BRD-K39520573-001-03-8,GW-5074,RAF inhibitor,BR00122249,H07,9,4024,4024,4024,4024,7,383,0.028652493492415464
175,S-C-7314-04-CMP-001,trt,BRD-K73397362-001-09-9,2.6031,5.0,DMSO,K73397362,BRD-K73397362-001-06-6,purmorphamine,smoothened receptor agonist,BR00122249,H08,9,3719,3719,3719,3719,7,383,0.07402653532464953
176,S-C-7314-04-CMP-001,trt,BRD-K45909031-001-03-9,2.4849,5.0,DMSO,K45909031,BRD-K45909031-001-01-5,WZ4003,AMPK inhibitor,BR00122249,H09,9,3480,3480,3480,3480,3,383,1.0
177,S-C-7314-04-CMP-001,trt,BRD-K53972329-001-12-9,1.5318,5.0,DMSO,K53972329,BRD-K53972329-001-07-0,ruxolitinib,JAK inhibitor,BR00122249,H10,9,3894,3894,3894,3894,7,383,0.08650275628963065
178,S-C-7314-04-CMP-001,trt,BRD-K70446295-001-04-9,1.9172,5.0,DMSO,K70446295,BRD-K70446295-001-01-7,EPZ015666,protein arginine N-methyltransferase inhibitor,BR00122249,H11,9,3684,3684,3684,3684,7,383,0.3202055517290979
179,S-C-7314-04-CMP-001,trt,BRD-K16189898-001-26-9,2.3267,5.0,DMSO,K16189898,BRD-K16189898-003-03-3,CHIR-99021,glycogen synthase kinase inhibitor,BR00122249,H12,9,3476,3476,3476,3476,7,383,0.2978293299062188
180,S-C-7314-04-CMP-001,trt,BRD-K16803204-001-02-9,2.1275,5.0,DMSO,K16803204,BRD-K16803204-001-01-6,filgotinib,JAK inhibitor,BR00122249,H13,9,3583,3583,3583,3583,7,383,0.0528428429250743
181,S-C-7314-04-CMP-001,trt,BRD-K06182768-001-02-3,1.6472,5.0,DMSO,K06182768,BRD-K06182768-001-06-4,A-366,histone lysine methyltransferase inhibitor,BR00122249,H14,9,3769,3769,3769,3769,7,383,0.026185810947447593
182,S-C-7314-04-CMP-001,trt,BRD-K99092662-001-02-9,1.5286,5.0,DMSO,K99092662,BRD-K99092662-001-01-1,PS178990,androgen receptor modulator,BR00122249,H15,9,4041,4041,4041,4041,7,383,0.029904132087689096
183,S-C-7314-04-CMP-001,trt,BRD-K87632963-001-05-9,2.0918,5.0,DMSO,K87632963,BRD-K87632963-001-05-9,GNF-5,Bcr-Abl kinase inhibitor,BR00122249,H16,9,3883,3883,3883,3883,7,383,0.030438194933201917
184,S-C-7314-04-CMP-001,trt,BRD-K86118762-001-05-9,2.1075,5.0,DMSO,K86118762,BRD-K86118762-001-08-9,linsitinib,IGF-1 inhibitor,BR00122249,H17,9,2901,2901,2901,2901,7,383,0.6317151102865388
185,S-C-7314-04-CMP-001,trt,BRD-K13094524-001-10-9,1.7369,5.0,DMSO,K13094524,BRD-K13094524-001-04-2,PFI-1,bromodomain inhibitor,BR00122249,H18,9,3956,3956,3956,3956,7,383,0.2777380529676659
186,S-C-7314-04-CMP-001,trt,BRD-K04923131-001-17-9,1.7809,5.0,DMSO,K04923131,BRD-K04923131-001-15-4,GSK-3-inhibitor-IX,glycogen synthase kinase inhibitor,BR00122249,H19,9,1599,1599,1599,1599,7,383,0.18691583415412036
187,S-C-7314-04-CMP-001,trt,BRD-K86118762-001-05-9,2.1075,5.0,DMSO,K86118762,BRD-K86118762-001-08-9,linsitinib,IGF-1 inhibitor,BR00122249,H20,9,3030,3030,3030,3030,7,383,0.6363636363636365
188,S-C-7314-04-CMP-001,trt,BRD-K72898849-001-03-9,2.5469,5.0,DMSO,K72898849,BRD-K72898849-001-01-8,BLU9931,FGFR inhibitor,BR00122249,H21,9,2480,2480,2480,2480,7,383,0.16905003936403992
189,S-C-7314-04-CMP-001,trt,BRD-K16803204-001-02-9,2.1275,5.0,DMSO,K16803204,BRD-K16803204-001-01-6,filgotinib,JAK inhibitor,BR00122249,H22,9,4022,4022,4022,4022,7,383,0.20707525006089816
190,S-C-7314-04-CMP-001,trt,BRD-K83192048-050-01-9,2.0425,5.0,DMSO,K83192048,BRD-K83192048-050-03-5,dimethindene-(S)-(+),acetylcholine receptor antagonist,BR00122249,H23,9,3999,3999,3999,3999,7,383,0.21540161203150124
191,S-C-7314-04-CMP-001,trt,BRD-K03063480-001-08-9,2.0974,5.0,DMSO,K03063480,BRD-K03063480-001-06-6,PF-477736,CHK inhibitor,BR00122249,H24,9,336,336,336,336,7,383,0.5829931972789115
192,S-C-7314-04-CMP-001,trt,BRD-K99092662-001-02-9,1.5286,5.0,DMSO,K99092662,BRD-K99092662-001-01-1,PS178990,androgen receptor modulator,BR00122249,I01,9,3721,3721,3721,3721,7,383,0.04326585337311981
193,S-C-7314-04-CMP-001,trt,BRD-K33818169-003-04-6,3.0926,5.0,DMSO,K33818169,BRD-K33818169-003-04-6,GW-3965,LXR agonist,BR00122249,I02,9,3966,3966,3966,3966,7,383,0.2260833586122362
194,S-C-7314-04-CMP-001,trt,BRD-K20290250-001-03-9,2.0624,5.0,DMSO,K20290250,BRD-K20290250-001-02-1,BIX-02188,MEK inhibitor,BR00122249,I03,9,3933,3933,3933,3933,7,383,0.2547407963557032
195,S-C-7314-04-CMP-001,trt,BRD-K53972329-001-12-9,1.5318,5.0,DMSO,K53972329,BRD-K53972329-001-07-0,ruxolitinib,JAK inhibitor,BR00122249,I04,9,3894,3894,3894,3894,7,383,0.17751129094442755
196,S-C-7314-04-CMP-001,trt,BRD-K70642949-001-06-9,2.313,5.0,DMSO,K70642949,BRD-K70642949-001-04-5,GSK2334470,phosphoinositide dependent kinase inhibitor,BR00122249,I05,9,2909,2909,2909,2909,7,383,0.446691717845564
197,S-C-7314-04-CMP-001,trt,BRD-K19871656-001-01-3,1.8291,5.0,DMSO,K19871656,BRD-K19871656-001-01-3,CPI-0610,bromodomain inhibitor,BR00122249,I06,9,3078,3078,3078,3078,7,383,0.7667594310451454
198,S-C-7314-04-CMP-001,trt,BRD-K12511835-003-03-9,1.6309,5.0,DMSO,K12511835,BRD-K12511835-003-01-2,BMS-863233,CDC inhibitor,BR00122249,I07,9,3242,3242,3242,3242,7,383,0.3677543468980667
199,S-C-7314-04-CMP-001,trt,BRD-K69023402-001-03-3,0.2167,0.333,DMSO,K69023402,BRD-K69023402-001-07-4,Thapsigargin,ER stressor (SERCA inhibitor),BR00122249,I08,9,296,296,296,296,3,383,0.24347826086956523
200,S-C-7314-04-CMP-001,trt,BRD-K57080016-001-19-1,2.2884,5.0,DMSO,K57080016,BRD-K57080016-001-01-9,selumetinib,MEK inhibitor,BR00122249,I09,9,3685,3685,3685,3685,7,383,0.266585293911379
201,S-C-7314-04-CMP-001,trt,BRD-K02965346-001-01-8,2.8404,5.0,DMSO,K02965346,BRD-K02965346-001-07-5,SU-11274,hepatocyte growth factor receptor inhibitor,BR00122249,I10,9,1936,1936,1936,1936,7,383,0.45601416253340366
202,S-C-7314-04-CMP-001,trt,BRD-K13606314-001-02-9,1.7411,5.0,DMSO,K13606314,BRD-K13606314-001-01-3,P5091,ubiquitin specific protease inhibitor,BR00122249,I11,9,3993,3993,3993,3993,7,383,0.028556581915282365
203,S-C-7314-04-CMP-001,trt,BRD-K67578145-001-13-9,1.6719,5.0,DMSO,K67578145,BRD-K67578145-001-09-7,GDC-0879,RAF inhibitor,BR00122249,I12,9,4267,4267,4267,4267,7,383,0.04090206493056329
204,S-C-7314-04-CMP-001,trt,BRD-K66430217-001-05-9,1.6909,5.0,DMSO,K66430217,BRD-K66430217-001-03-8,KH-CB19,CDC inhibitor,BR00122249,I13,9,3856,3856,3856,3856,7,383,0.10248325238465597
205,S-C-7314-04-CMP-001,trt,BRD-K53665955-001-05-9,2.3097,5.0,DMSO,K53665955,BRD-K53665955-001-03-0,MK-5108,Aurora kinase inhibitor,BR00122249,I14,9,2653,2653,2653,2653,7,383,0.19360556826965278
206,S-C-7314-04-CMP-001,trt,BRD-K39974922-001-05-9,2.1343,5.0,DMSO,K39974922,BRD-K39974922-001-04-3,lenvatinib,FGFR inhibitor,BR00122249,I15,9,3257,3257,3257,3257,7,383,0.18630854526931825
207,S-C-7314-04-CMP-001,trt,BRD-K85776940-001-01-9,1.983,5.0,DMSO,K85776940,BRD-K85776940-001-01-9,delta-Tocotrienol,HMGCR inhibitor,BR00122249,I16,9,3989,3989,3989,3989,7,383,0.11959696816052888
208,S-C-7314-04-CMP-001,trt,BRD-K37379014-001-02-0,2.1024,5.0,DMSO,K37379014,BRD-K37379014-001-01-2,filanesib,kinesin inhibitor,BR00122249,I17,9,615,615,615,615,7,383,0.272516027373596
209,S-C-7314-04-CMP-001,trt,BRD-K83192048-050-01-9,2.0425,5.0,DMSO,K83192048,BRD-K83192048-050-03-5,dimethindene-(S)-(+),acetylcholine receptor antagonist,BR00122249,I18,9,3948,3948,3948,3948,7,383,0.19115268432574065
210,S-C-7314-04-CMP-001,negcon,control,,,DMSO,,,,MoA,BR00122249,I19,9,3920,3920,3920,3920,23,383,0.13653908706009665
211,S-C-7314-04-CMP-001,trt,BRD-K82941592-238-06-9,2.6182,5.0,DMSO,K82941592,BRD-K82941592-238-03-7,rosuvastatin,HMGCR inhibitor,BR00122249,I20,9,3911,3911,3911,3911,7,383,0.05846498044672046
212,S-C-7314-04-CMP-001,trt,BRD-K54955827-001-03-9,1.6019,5.0,DMSO,K54955827,BRD-K54955827-001-02-2,niraparib,PARP inhibitor,BR00122249,I21,9,2413,2413,2413,2413,7,383,0.34015320775754126
213,S-C-7314-04-CMP-001,trt,BRD-K66401437-001-03-3,2.8303,5.0,DMSO,K66401437,BRD-K66401437-001-03-3,THZ1,CDK inhibitor,BR00122249,I22,9,355,355,355,355,7,383,0.2798033007389119
214,S-C-7314-04-CMP-001,trt,BRD-K45909031-001-03-9,2.4849,5.0,DMSO,K45909031,BRD-K45909031-001-01-5,WZ4003,AMPK inhibitor,BR00122249,I23,9,3149,3149,3149,3149,3,383,1.0
215,S-C-7314-04-CMP-001,trt,BRD-K93942811-001-03-9,1.9224,5.0,DMSO,K93942811,BRD-K93942811-001-01-3,ML-323,ubiquitin specific protease inhibitor,BR00122249,I24,9,3641,3641,3641,3641,7,383,0.07496623914587593
216,S-C-7314-04-CMP-001,negcon,control,,,DMSO,,,,MoA,BR00122249,J01,9,3734,3734,3734,3734,23,383,0.1353530864587224
217,S-C-7314-04-CMP-001,trt,BRD-K69023402-001-03-3,0.2167,0.333,DMSO,K69023402,BRD-K69023402-001-07-4,Thapsigargin,ER stressor (SERCA inhibitor),BR00122249,J02,9,458,458,458,458,3,383,0.17677224736048266
218,S-C-7314-04-CMP-001,trt,BRD-K12511835-003-03-9,1.6309,5.0,DMSO,K12511835,BRD-K12511835-003-01-2,BMS-863233,CDC inhibitor,BR00122249,J03,9,3191,3191,3191,3191,7,383,0.3613967473290488
219,S-C-7314-04-CMP-001,trt,BRD-K06883221-001-02-9,2.0725,5.0,DMSO,K06883221,BRD-K06883221-001-01-9,apratastat,tumor necrosis factor production inhibitor,BR00122249,J04,9,4359,4359,4359,4359,7,383,0.0742691021333958
220,S-C-7314-04-CMP-001,trt,BRD-K12737986-001-01-4,1.2215,5.0,DMSO,K12737986,BRD-K12737986-001-01-4,veliparib,PARP inhibitor,BR00122249,J05,9,3799,3799,3799,3799,7,383,0.057336768507064914
221,S-C-7314-04-CMP-001,trt,BRD-K19477839-001-10-9,1.797,5.0,DMSO,K19477839,BRD-K19477839-001-07-6,SGX523,hepatocyte growth factor receptor inhibitor,BR00122249,J06,9,3838,3838,3838,3838,7,383,0.013282202213811272
222,S-C-7314-04-CMP-001,trt,BRD-A12994259-001-11-9,1.3662,5.0,DMSO,A12994259,BRD-A12994259-001-02-1,pomalidomide,tumor necrosis factor production inhibitor,BR00122249,J07,9,3932,3932,3932,3932,7,383,0.06634079367982788
223,S-C-7314-04-CMP-001,trt,BRD-K60130390-001-02-1,2.7335,5.0,DMSO,K60130390,BRD-K60130390-001-02-1,UNC0642,histone lysine methyltransferase inhibitor,BR00122249,J08,9,3579,3579,3579,3579,7,383,0.44252711392330196
224,S-C-7314-04-CMP-001,trt,BRD-K98203492-001-06-9,2.0875,5.0,DMSO,K98203492,BRD-K98203492-003-04-1,GSK-J4,histone lysine demethylase inhibitor,BR00122249,J09,9,1440,1440,1440,1440,7,383,0.28608735422178905
225,S-C-7314-04-CMP-001,trt,BRD-K83192048-050-01-9,2.0425,5.0,DMSO,K83192048,BRD-K83192048-050-03-5,dimethindene-(S)-(+),acetylcholine receptor antagonist,BR00122249,J10,9,3823,3823,3823,3823,7,383,0.07242857733984562
226,S-C-7314-04-CMP-001,trt,BRD-K36234266-001-10-6,1.0702,5.0,DMSO,K36234266,BRD-K36234266-001-09-8,carmustine,DNA inhibitor,BR00122249,J11,9,3832,3832,3832,3832,7,383,0.014514111099055229
227,S-C-7314-04-CMP-001,trt,BRD-K57080016-001-19-1,2.2884,5.0,DMSO,K57080016,BRD-K57080016-001-01-9,selumetinib,MEK inhibitor,BR00122249,J12,9,3514,3514,3514,3514,7,383,0.03212010748142264
228,S-C-7314-04-CMP-001,trt,BRD-K93942811-001-03-9,1.9224,5.0,DMSO,K93942811,BRD-K93942811-001-01-3,ML-323,ubiquitin specific protease inhibitor,BR00122249,J13,9,3389,3389,3389,3389,7,383,0.061550607353802925
229,S-C-7314-04-CMP-001,negcon,control,,,DMSO,,,,MoA,BR00122249,J14,9,3654,3654,3654,3654,23,383,0.09577843885885211
230,S-C-7314-04-CMP-001,trt,BRD-K67772619-001-06-9,1.4213,5.0,DMSO,K67772619,BRD-K67772619-001-05-1,rheochrysidin,protein tyrosine kinase inhibitor,BR00122249,J15,9,3416,3416,3416,3416,7,383,0.16283256394417364
231,S-C-7314-04-CMP-001,trt,BRD-K25611237-001-09-9,1.7471,5.0,DMSO,K25611237,BRD-K25611237-001-02-1,ML324,histone lysine demethylase inhibitor,BR00122249,J16,9,3468,3468,3468,3468,7,383,0.3302282225642933
232,S-C-7314-04-CMP-001,trt,BRD-K33818169-003-04-6,3.0926,5.0,DMSO,K33818169,BRD-K33818169-003-04-6,GW-3965,LXR agonist,BR00122249,J17,9,3915,3915,3915,3915,7,383,0.09154606319590099
233,S-C-7314-04-CMP-001,trt,BRD-A53576514-048-02-8,2.3075,5.0,DMSO,A53576514,BRD-A53576514-048-14-3,orphenadrine,acetylcholine receptor antagonist,BR00122249,J18,9,3659,3659,3659,3659,7,383,0.055574086167927694
234,S-C-7314-04-CMP-001,trt,BRD-K25433859-003-03-1,1.5693,5.0,DMSO,K25433859,BRD-K25433859-003-23-9,maprotiline,tricyclic antidepressant,BR00122249,J19,9,3660,3660,3660,3660,7,383,0.421792627959418
235,S-C-7314-04-CMP-001,trt,BRD-K76908866-001-08-9,2.3477,5.0,DMSO,K76908866,BRD-K76908866-001-07-6,CP-724714,EGFR inhibitor,BR00122249,J20,9,3726,3726,3726,3726,7,383,0.07844380768343225
236,S-C-7314-04-CMP-001,trt,BRD-K54955827-001-03-9,1.6019,5.0,DMSO,K54955827,BRD-K54955827-001-02-2,niraparib,PARP inhibitor,BR00122249,J21,9,2204,2204,2204,2204,7,383,0.36660134893217594
237,S-C-7314-04-CMP-001,trt,BRD-K72951360-001-02-9,3.6182,5.0,DMSO,K72951360,BRD-K72951360-001-01-4,valrubicin,DNA inhibitor,BR00122249,J22,9,517,517,517,517,7,383,0.038981081713773305
238,S-C-7314-04-CMP-001,trt,BRD-K38627885-001-01-9,2.0674,5.0,DMSO,K38627885,BRD-K38627885-001-01-9,APY0201,phosphoinositide dependent kinase inhibitor,BR00122249,J23,9,2225,2225,2225,2225,7,383,0.45180224360589055
239,S-C-7314-04-CMP-001,trt,BRD-K61688984-001-04-5,1.812,5.0,DMSO,K61688984,BRD-K61688984-001-02-9,RGFP966,HDAC inhibitor,BR00122249,J24,9,2744,2744,2744,2744,7,383,0.09359012854788155
240,S-C-7314-04-CMP-001,trt,BRD-K64881305-001-07-9,2.5853,5.0,DMSO,K64881305,BRD-K64881305-001-05-2,ispinesib,kinesin inhibitor,BR00122249,K01,9,717,717,717,717,7,383,0.3421036357126582
241,S-C-7314-04-CMP-001,trt,BRD-K83607951-001-04-9,2.1271,5.0,DMSO,K83607951,BRD-K83607951-001-02-2,skepinone-l,p38 MAPK inhibitor,BR00122249,K02,9,3188,3188,3188,3188,7,383,0.03590610433754606
242,S-C-7314-04-CMP-001,trt,BRD-K97452254-001-02-9,2.3578,5.0,DMSO,K97452254,BRD-K97452254-001-01-3,AMG-925,CDK inhibitor,BR00122249,K03,9,2193,2193,2193,2193,7,383,0.2259900181557176
243,S-C-7314-04-CMP-001,negcon,control,,,DMSO,,,,MoA,BR00122249,K04,9,3985,3985,3985,3985,23,383,0.14780483589714088
244,S-C-7314-04-CMP-001,trt,BRD-K82164249-001-03-5,2.2068,5.0,DMSO,K82164249,BRD-K82164249-001-03-5,andarine,androgen receptor modulator,BR00122249,K05,9,3763,3763,3763,3763,7,383,0.06647898453867662
245,S-C-7314-04-CMP-001,trt,BRD-K54955827-001-03-9,1.6019,5.0,DMSO,K54955827,BRD-K54955827-001-02-2,niraparib,PARP inhibitor,BR00122249,K06,9,2146,2146,2146,2146,7,383,0.3277174652589935
246,S-C-7314-04-CMP-001,trt,BRD-K99113996-001-02-0,2.3127,5.0,DMSO,K99113996,BRD-K99113996-001-02-0,AZD2014,mTOR inhibitor,BR00122249,K07,9,1374,1374,1374,1374,7,383,0.6044315161962219
247,S-C-7314-04-CMP-001,negcon,control,,,DMSO,,,,MoA,BR00122249,K09,9,3723,3723,3723,3723,23,383,0.13851055219480593
248,S-C-7314-04-CMP-001,trt,BRD-K91900765-001-09-9,2.1813,5.0,DMSO,K91900765,BRD-K91900765-001-08-4,VX-745,p38 MAPK inhibitor,BR00122249,K08,9,3631,3631,3631,3631,7,383,0.02782785618890653
249,S-C-7314-04-CMP-001,trt,BRD-K32730239-001-03-9,1.3065,5.0,DMSO,K32730239,BRD-K32730239-001-01-0,SU3327,JNK inhibitor,BR00122249,K10,9,3733,3733,3733,3733,7,383,0.05120526523962898
250,S-C-7314-04-CMP-001,trt,BRD-K63631219-001-01-6,1.1784,5.0,DMSO,K63631219,BRD-K63631219-001-01-6,quazinone,phosphodiesterase inhibitor,BR00122249,K11,9,3735,3735,3735,3735,7,383,0.0379085338673803
251,S-C-7314-04-CMP-001,trt,BRD-K73397362-001-09-9,2.6031,5.0,DMSO,K73397362,BRD-K73397362-001-06-6,purmorphamine,smoothened receptor agonist,BR00122249,K12,9,3699,3699,3699,3699,7,383,0.04787743877837373
252,S-C-7314-04-CMP-001,trt,BRD-K88677950-001-04-9,2.3812,5.0,DMSO,K88677950,BRD-K88677950-001-03-9,PD-198306,MAP kinase inhibitor,BR00122249,K13,9,3125,3125,3125,3125,7,383,0.051834742883336234
253,S-C-7314-04-CMP-001,trt,BRD-K24600306-003-02-9,2.3445,5.0,DMSO,K24600306,BRD-K24600306-003-02-9,ML-298,phospholipase inhibitor,BR00122249,K14,9,3607,3607,3607,3607,7,383,0.27406233168341204
254,S-C-7314-04-CMP-001,trt,BRD-K01826510-001-09-9,1.8745,5.0,DMSO,K01826510,BRD-K01826510-300-06-9,hydroxyzine,antihistamine,BR00122249,K15,9,3878,3878,3878,3878,7,383,0.06663287938342184
255,S-C-7314-04-CMP-001,trt,BRD-K25611237-001-09-9,1.7471,5.0,DMSO,K25611237,BRD-K25611237-001-02-1,ML324,histone lysine demethylase inhibitor,BR00122249,K16,9,3212,3212,3212,3212,7,383,0.3227576632769504
256,S-C-7314-04-CMP-001,trt,BRD-K66401437-001-03-3,2.8303,5.0,DMSO,K66401437,BRD-K66401437-001-03-3,THZ1,CDK inhibitor,BR00122249,K17,9,319,319,319,319,7,383,0.15971898907335705
257,S-C-7314-04-CMP-001,trt,BRD-K30707190-001-06-9,1.6017,5.0,DMSO,K30707190,BRD-K30707190-001-04-1,PNU-74654,beta-catenin inhibitor,BR00122249,K18,9,3766,3766,3766,3766,7,383,0.17981895120942543
258,S-C-7314-04-CMP-001,trt,BRD-K04923131-001-17-9,1.7809,5.0,DMSO,K04923131,BRD-K04923131-001-15-4,GSK-3-inhibitor-IX,glycogen synthase kinase inhibitor,BR00122249,K19,9,1624,1624,1624,1624,7,383,0.18637319631102187
259,S-C-7314-04-CMP-001,trt,BRD-K84937637-001-21-9,4.5709,5.0,DMSO,K84937637,BRD-K84937637-001-11-5,sirolimus,mTOR inhibitor,BR00122249,K20,9,2583,2583,2583,2583,7,383,0.18877799211167215
260,S-C-7314-04-CMP-001,trt,BRD-K50055394-001-04-9,2.0844,5.0,DMSO,K50055394,BRD-K50055394-001-03-6,halopemide,phospholipase inhibitor,BR00122249,K21,9,3929,3929,3929,3929,7,383,0.1614428120394797
261,S-C-7314-04-CMP-001,trt,BRD-K03063480-001-08-9,2.0974,5.0,DMSO,K03063480,BRD-K03063480-001-06-6,PF-477736,CHK inhibitor,BR00122249,K22,9,406,406,406,406,7,383,0.49042526101349626
262,S-C-7314-04-CMP-001,trt,BRD-K16803204-001-02-9,2.1275,5.0,DMSO,K16803204,BRD-K16803204-001-01-6,filgotinib,JAK inhibitor,BR00122249,K23,9,4017,4017,4017,4017,7,383,0.05921471000881097
263,S-C-7314-04-CMP-001,trt,BRD-K23383398-001-08-1,2.4067,5.0,DMSO,K23383398,BRD-K23383398-001-09-9,T-0901317,LXR agonist,BR00122249,K24,9,3302,3302,3302,3302,7,383,0.18525970714035814
264,S-C-7314-04-CMP-001,trt,BRD-K73397362-001-09-9,2.6031,5.0,DMSO,K73397362,BRD-K73397362-001-06-6,purmorphamine,smoothened receptor agonist,BR00122249,L01,9,3614,3614,3614,3614,7,383,0.1311685576139878
265,S-C-7314-04-CMP-001,trt,BRD-K39520573-001-01-2,2.6047,5.0,DMSO,K39520573,BRD-K39520573-001-03-8,GW-5074,RAF inhibitor,BR00122249,L02,9,3828,3828,3828,3828,7,383,0.04757685862645913
266,S-C-7314-04-CMP-001,trt,BRD-K60130390-001-02-1,2.7335,5.0,DMSO,K60130390,BRD-K60130390-001-02-1,UNC0642,histone lysine methyltransferase inhibitor,BR00122249,L03,9,3500,3500,3500,3500,7,383,0.35399039552831685
267,S-C-7314-04-CMP-001,trt,BRD-K86718786-001-03-9,1.4917,5.0,DMSO,K86718786,BRD-K86718786-001-03-9,SGC-707,protein arginine N-methyltransferase inhibitor,BR00122249,L04,9,3784,3784,3784,3784,7,383,0.03882261689239541
268,S-C-7314-04-CMP-001,trt,BRD-K97452254-001-02-9,2.3578,5.0,DMSO,K97452254,BRD-K97452254-001-01-3,AMG-925,CDK inhibitor,BR00122249,L05,9,2298,2298,2298,2298,7,383,0.2962323866746927
269,S-C-7314-04-CMP-001,trt,BRD-K70578146-001-13-9,0.16697,0.133,DMSO,K70578146,BRD-K70578146-001-09-1,DACTINOMYCIN,Apoptosis inducer (transcription inhibitor),BR00122249,L06,9,543,543,543,543,3,383,0.20606060606060606
270,S-C-7314-04-CMP-001,negcon,control,,,DMSO,,,,MoA,BR00122249,L07,9,4085,4085,4085,4085,23,383,0.13544931347793995
271,S-C-7314-04-CMP-001,trt,BRD-K32730239-001-03-9,1.3065,5.0,DMSO,K32730239,BRD-K32730239-001-01-0,SU3327,JNK inhibitor,BR00122249,L08,9,3826,3826,3826,3826,7,383,0.03672442268885042
272,S-C-7314-04-CMP-001,trt,BRD-K20290250-001-03-9,2.0624,5.0,DMSO,K20290250,BRD-K20290250-001-02-1,BIX-02188,MEK inhibitor,BR00122249,L09,9,3765,3765,3765,3765,7,383,0.04015209068702107
273,S-C-7314-04-CMP-001,trt,BRD-K38627885-001-01-9,2.0674,5.0,DMSO,K38627885,BRD-K38627885-001-01-9,APY0201,phosphoinositide dependent kinase inhibitor,BR00122249,L10,9,2291,2291,2291,2291,7,383,0.4481484814261346
274,S-C-7314-04-CMP-001,trt,BRD-K24600306-003-02-9,2.3445,5.0,DMSO,K24600306,BRD-K24600306-003-02-9,ML-298,phospholipase inhibitor,BR00122249,L11,9,3778,3778,3778,3778,7,383,0.3136460678179841
275,S-C-7314-04-CMP-001,trt,BRD-K84937637-001-21-9,4.5709,5.0,DMSO,K84937637,BRD-K84937637-001-11-5,sirolimus,mTOR inhibitor,BR00122249,L12,9,2443,2443,2443,2443,7,383,0.1638617622828939
276,S-C-7314-04-CMP-001,trt,BRD-K72951360-001-02-9,3.6182,5.0,DMSO,K72951360,BRD-K72951360-001-01-4,valrubicin,DNA inhibitor,BR00122249,L13,9,510,510,510,510,7,383,0.06787911506987683
277,S-C-7314-04-CMP-001,trt,BRD-K75009076-001-04-9,1.8813,5.0,DMSO,K75009076,BRD-K75009076-001-02-1,SCH-900776,CHK inhibitor,BR00122249,L14,9,686,686,686,686,7,383,0.7146781789638931
278,S-C-7314-04-CMP-001,trt,BRD-A87435144-001-01-6,2.3944,5.0,DMSO,A87435144,BRD-A87435144-001-01-6,AZD7545,pyruvate dehydrogenase kinase inhibitor,BR00122249,L15,9,3436,3436,3436,3436,7,383,0.2506971676441331
279,S-C-7314-04-CMP-001,trt,BRD-K56932272-001-02-9,2.4378,5.0,DMSO,K56932272,BRD-K56932272-001-02-9,BMS-566419,inosine monophosphate dehydrogenase inhibitor,BR00122249,L16,9,2454,2454,2454,2454,7,383,0.1722962722407116
280,S-C-7314-04-CMP-001,trt,BRD-K85776940-001-01-9,1.983,5.0,DMSO,K85776940,BRD-K85776940-001-01-9,delta-Tocotrienol,HMGCR inhibitor,BR00122249,L17,9,3711,3711,3711,3711,7,383,0.06099639606406678
281,S-C-7314-04-CMP-001,trt,BRD-K30707190-001-06-9,1.6017,5.0,DMSO,K30707190,BRD-K30707190-001-04-1,PNU-74654,beta-catenin inhibitor,BR00122249,L18,9,3863,3863,3863,3863,7,383,0.09120123292633811
282,S-C-7314-04-CMP-001,trt,BRD-K61688984-001-04-5,1.812,5.0,DMSO,K61688984,BRD-K61688984-001-02-9,RGFP966,HDAC inhibitor,BR00122249,L19,9,2607,2607,2607,2607,7,383,0.1702546082014867
283,S-C-7314-04-CMP-001,trt,BRD-K44227013-001-15-9,2.6628,5.0,DMSO,K44227013,BRD-K44227013-001-08-0,ponatinib,Bcr-Abl kinase inhibitor,BR00122249,L20,9,610,610,610,610,7,383,0.18147807151200895
284,S-C-7314-04-CMP-001,trt,BRD-K87632963-001-05-9,2.0918,5.0,DMSO,K87632963,BRD-K87632963-001-05-9,GNF-5,Bcr-Abl kinase inhibitor,BR00122249,L21,9,3731,3731,3731,3731,7,383,0.02662377644472209
285,S-C-7314-04-CMP-001,negcon,control,,,DMSO,,,,MoA,BR00122249,L22,9,4013,4013,4013,4013,23,383,0.14628926675024248
286,S-C-7314-04-CMP-001,trt,BRD-K98251413-001-07-9,1.7617,5.0,DMSO,K98251413,BRD-K98251413-001-04-0,IOX2,hypoxia inducible factor inhibitor,BR00122249,L23,9,4254,4254,4254,4254,7,383,0.15932064139640906
287,S-C-7314-04-CMP-001,trt,BRD-K83607951-001-04-9,2.1271,5.0,DMSO,K83607951,BRD-K83607951-001-02-2,skepinone-l,p38 MAPK inhibitor,BR00122249,L24,9,3006,3006,3006,3006,7,383,0.02929885336990021
288,S-C-7314-04-CMP-001,trt,BRD-K76908866-001-08-9,2.3477,5.0,DMSO,K76908866,BRD-K76908866-001-07-6,CP-724714,EGFR inhibitor,BR00122249,M01,9,3959,3959,3959,3959,7,383,0.11314667527386282
289,S-C-7314-04-CMP-001,trt,BRD-K67772619-001-06-9,1.4213,5.0,DMSO,K67772619,BRD-K67772619-001-05-1,rheochrysidin,protein tyrosine kinase inhibitor,BR00122249,M02,9,3931,3931,3931,3931,7,383,0.13629077096728845
290,S-C-7314-04-CMP-001,trt,BRD-K99433989-001-02-9,2.4503,5.0,DMSO,K99433989,BRD-K99433989-001-02-9,SAG,smoothened receptor agonist,BR00122249,M03,9,3999,3999,3999,3999,7,383,0.4646525050851416
291,S-C-7314-04-CMP-001,trt,BRD-K12511835-003-03-9,1.6309,5.0,DMSO,K12511835,BRD-K12511835-003-01-2,BMS-863233,CDC inhibitor,BR00122249,M04,9,3143,3143,3143,3143,7,383,0.2156247438630175
292,S-C-7314-04-CMP-001,trt,BRD-K17953061-001-05-1,0.012596,0.027,DMSO,K17953061,BRD-K17953061-001-14-3,Staurosporine,Apoptosis inducer (ATP-competitive kinase inhibitor),BR00122249,M05,9,1175,1175,1175,1175,3,383,0.13208360267183797
293,S-C-7314-04-CMP-001,trt,BRD-K94455792-001-01-8,2.7432,5.0,DMSO,K94455792,BRD-K94455792-001-01-8,ICG-001,beta-catenin inhibitor,BR00122249,M06,9,2833,2833,2833,2833,7,383,0.19594360459455304
294,S-C-7314-04-CMP-001,trt,BRD-K44227013-001-15-9,2.6628,5.0,DMSO,K44227013,BRD-K44227013-001-08-0,ponatinib,Bcr-Abl kinase inhibitor,BR00122249,M07,9,996,996,996,996,7,383,0.23302585356727043
295,S-C-7314-04-CMP-001,trt,BRD-K63631219-001-01-6,1.1784,5.0,DMSO,K63631219,BRD-K63631219-001-01-6,quazinone,phosphodiesterase inhibitor,BR00122249,M08,9,4108,4108,4108,4108,7,383,0.047618170453465294
296,S-C-7314-04-CMP-001,trt,BRD-K56301217-001-02-5,4.0671,5.0,DMSO,K56301217,BRD-K56301217-001-07-4,ABT-737,BCL inhibitor,BR00122249,M09,9,3111,3111,3111,3111,7,383,0.01846162401975743
297,S-C-7314-04-CMP-001,trt,BRD-K21728777-001-03-9,2.5179,5.0,DMSO,K21728777,BRD-K21728777-001-02-3,AMG900,Aurora kinase inhibitor,BR00122249,M10,9,1105,1105,1105,1105,7,383,0.2133312648653942
298,S-C-7314-04-CMP-001,trt,BRD-K25433859-003-03-1,1.5693,5.0,DMSO,K25433859,BRD-K25433859-003-23-9,maprotiline,tricyclic antidepressant,BR00122249,M11,9,3894,3894,3894,3894,7,383,0.41060694407633186
299,S-C-7314-04-CMP-001,trt,BRD-K50055394-001-04-9,2.0844,5.0,DMSO,K50055394,BRD-K50055394-001-03-6,halopemide,phospholipase inhibitor,BR00122249,M12,9,3734,3734,3734,3734,7,383,0.16178383731552995
300,S-C-7314-04-CMP-001,trt,BRD-K67578145-001-13-9,1.6719,5.0,DMSO,K67578145,BRD-K67578145-001-09-7,GDC-0879,RAF inhibitor,BR00122249,M13,9,4513,4513,4513,4513,7,383,0.0271768925485296
301,S-C-7314-04-CMP-001,trt,BRD-K06883221-001-02-9,2.0725,5.0,DMSO,K06883221,BRD-K06883221-001-01-9,apratastat,tumor necrosis factor production inhibitor,BR00122249,M14,9,3940,3940,3940,3940,7,383,0.05579133986664612
302,S-C-7314-04-CMP-001,trt,BRD-K12737986-001-01-4,1.2215,5.0,DMSO,K12737986,BRD-K12737986-001-01-4,veliparib,PARP inhibitor,BR00122249,M15,9,3902,3902,3902,3902,7,383,0.03618677779067837
303,S-C-7314-04-CMP-001,negcon,control,,,DMSO,,,,MoA,BR00122249,M16,9,3266,3266,3266,3266,23,383,0.09009219990705661
304,S-C-7314-04-CMP-001,trt,BRD-K83192048-050-01-9,2.0425,5.0,DMSO,K83192048,BRD-K83192048-050-03-5,dimethindene-(S)-(+),acetylcholine receptor antagonist,BR00122249,M17,9,4141,4141,4141,4141,7,383,0.18323732265285958
305,S-C-7314-04-CMP-001,trt,BRD-K98251413-001-07-9,1.7617,5.0,DMSO,K98251413,BRD-K98251413-001-04-0,IOX2,hypoxia inducible factor inhibitor,BR00122249,M18,9,4274,4274,4274,4274,7,383,0.016999588347896232
306,S-C-7314-04-CMP-001,trt,BRD-A53576514-048-02-8,2.3075,5.0,DMSO,A53576514,BRD-A53576514-048-14-3,orphenadrine,acetylcholine receptor antagonist,BR00122249,M19,9,4253,4253,4253,4253,7,383,0.07745155323060901
307,S-C-7314-04-CMP-001,trt,BRD-K25433859-003-03-1,1.5693,5.0,DMSO,K25433859,BRD-K25433859-003-23-9,maprotiline,tricyclic antidepressant,BR00122249,M20,9,3980,3980,3980,3980,7,383,0.21286248106763392
308,S-C-7314-04-CMP-001,trt,BRD-K93942811-001-03-9,1.9224,5.0,DMSO,K93942811,BRD-K93942811-001-01-3,ML-323,ubiquitin specific protease inhibitor,BR00122249,M21,9,3509,3509,3509,3509,7,383,0.084385875576083
309,S-C-7314-04-CMP-001,trt,BRD-K85606544-001-07-5,2.7852,5.0,DMSO,K85606544,BRD-K85606544-001-09-1,neratinib,EGFR inhibitor,BR00122249,M22,9,1658,1658,1658,1658,7,383,0.3850434910806428
310,S-C-7314-04-CMP-001,trt,BRD-K70446295-001-04-9,1.9172,5.0,DMSO,K70446295,BRD-K70446295-001-01-7,EPZ015666,protein arginine N-methyltransferase inhibitor,BR00122249,M23,9,3944,3944,3944,3944,7,383,0.17954971929766914
311,S-C-7314-04-CMP-001,trt,BRD-K72898849-001-03-9,2.5469,5.0,DMSO,K72898849,BRD-K72898849-001-01-8,BLU9931,FGFR inhibitor,BR00122249,M24,9,2380,2380,2380,2380,7,383,0.20965486704979705
312,S-C-7314-04-CMP-001,trt,BRD-K70578146-001-13-9,0.16697,0.133,DMSO,K70578146,BRD-K70578146-001-09-1,DACTINOMYCIN,Apoptosis inducer (transcription inhibitor),BR00122249,N01,9,514,514,514,514,3,383,0.3925074499787143
313,S-C-7314-04-CMP-001,trt,BRD-K12511835-003-03-9,1.6309,5.0,DMSO,K12511835,BRD-K12511835-003-01-2,BMS-863233,CDC inhibitor,BR00122249,N02,9,3196,3196,3196,3196,7,383,0.20828060173492563
314,S-C-7314-04-CMP-001,trt,BRD-K57080016-001-19-1,2.2884,5.0,DMSO,K57080016,BRD-K57080016-001-01-9,selumetinib,MEK inhibitor,BR00122249,N03,9,3613,3613,3613,3613,7,383,0.05537095179952323
315,S-C-7314-04-CMP-001,trt,BRD-K33818169-003-04-6,3.0926,5.0,DMSO,K33818169,BRD-K33818169-003-04-6,GW-3965,LXR agonist,BR00122249,N04,9,3945,3945,3945,3945,7,383,0.19865185419045087
316,S-C-7314-04-CMP-001,trt,BRD-K53665955-001-05-9,2.3097,5.0,DMSO,K53665955,BRD-K53665955-001-03-0,MK-5108,Aurora kinase inhibitor,BR00122249,N05,9,2875,2875,2875,2875,7,383,0.029006806185095824
317,S-C-7314-04-CMP-001,trt,BRD-K94455792-001-01-8,2.7432,5.0,DMSO,K94455792,BRD-K94455792-001-01-8,ICG-001,beta-catenin inhibitor,BR00122249,N06,9,2938,2938,2938,2938,7,383,0.19933932987482814
318,S-C-7314-04-CMP-001,trt,BRD-K30707190-001-06-9,1.6017,5.0,DMSO,K30707190,BRD-K30707190-001-04-1,PNU-74654,beta-catenin inhibitor,BR00122249,N07,9,3580,3580,3580,3580,7,383,0.1134716310227611
319,S-C-7314-04-CMP-001,trt,BRD-K02965346-001-01-8,2.8404,5.0,DMSO,K02965346,BRD-K02965346-001-07-5,SU-11274,hepatocyte growth factor receptor inhibitor,BR00122249,N08,9,1974,1974,1974,1974,7,383,0.4553570526985126
320,S-C-7314-04-CMP-001,trt,BRD-K28936863-051-14-0,2.1275,5.0,DMSO,K28936863,BRD-K28936863-051-32-2,ketotifen,phosphodiesterase inhibitor,BR00122249,N09,9,4130,4130,4130,4130,7,383,0.10258932544733464
321,S-C-7314-04-CMP-001,trt,BRD-K04923131-001-17-9,1.7809,5.0,DMSO,K04923131,BRD-K04923131-001-15-4,GSK-3-inhibitor-IX,glycogen synthase kinase inhibitor,BR00122249,N10,9,1734,1734,1734,1734,7,383,0.3774926877921433
322,S-C-7314-04-CMP-001,trt,BRD-K09372874-001-02-9,2.2623,5.0,DMSO,K09372874,BRD-K09372874-001-01-0,merimepodib,inosine monophosphate dehydrogenase inhibitor,BR00122249,N11,9,1495,1495,1495,1495,7,383,0.019997014541732635
323,S-C-7314-04-CMP-001,trt,BRD-K97452254-001-02-9,2.3578,5.0,DMSO,K97452254,BRD-K97452254-001-01-3,AMG-925,CDK inhibitor,BR00122249,N12,9,2072,2072,2072,2072,7,383,0.02935018931881991
324,S-C-7314-04-CMP-001,trt,BRD-K66430217-001-05-9,1.6909,5.0,DMSO,K66430217,BRD-K66430217-001-03-8,KH-CB19,CDC inhibitor,BR00122249,N13,9,4006,4006,4006,4006,7,383,0.04100440204336308
325,S-C-7314-04-CMP-001,trt,BRD-M87138257-003-01-1,2.3499,5.0,DMSO,M87138257,BRD-M87138257-003-01-1,acriflavine,hypoxia inducible factor inhibitor,BR00122249,N14,9,345,345,345,345,7,383,0.44785687999657936
326,S-C-7314-04-CMP-001,trt,BRD-K01826510-001-09-9,1.8745,5.0,DMSO,K01826510,BRD-K01826510-300-06-9,hydroxyzine,antihistamine,BR00122249,N15,9,3784,3784,3784,3784,7,383,0.030496153007896487
327,S-C-7314-04-CMP-001,trt,BRD-K62391742-001-19-9,4.3422,5.0,DMSO,K62391742,BRD-K62391742-001-03-0,venetoclax,BCL inhibitor,BR00122249,N16,9,3604,3604,3604,3604,7,383,0.1607897545296432
328,S-C-7314-04-CMP-001,trt,BRD-K82164249-001-03-5,2.2068,5.0,DMSO,K82164249,BRD-K82164249-001-03-5,andarine,androgen receptor modulator,BR00122249,N17,9,4054,4054,4054,4054,7,383,0.03358608676206582
329,S-C-7314-04-CMP-001,trt,BRD-K68756823-001-12-9,1.6367,5.0,DMSO,K68756823,BRD-K68756823-001-07-1,FR-180204,MAP kinase inhibitor,BR00122249,N18,9,4284,4284,4284,4284,7,383,0.08659227981310964
330,S-C-7314-04-CMP-001,trt,BRD-K06182768-001-02-3,1.6472,5.0,DMSO,K06182768,BRD-K06182768-001-06-4,A-366,histone lysine methyltransferase inhibitor,BR00122249,N19,9,3731,3731,3731,3731,7,383,0.017379211788091622
331,S-C-7314-04-CMP-001,trt,BRD-K67772619-001-06-9,1.4213,5.0,DMSO,K67772619,BRD-K67772619-001-05-1,rheochrysidin,protein tyrosine kinase inhibitor,BR00122249,N20,9,3669,3669,3669,3669,7,383,0.1610922449618087
332,S-C-7314-04-CMP-001,trt,BRD-K88677950-001-04-9,2.3812,5.0,DMSO,K88677950,BRD-K88677950-001-03-9,PD-198306,MAP kinase inhibitor,BR00122249,N21,9,3769,3769,3769,3769,7,383,0.10181527218519285
333,S-C-7314-04-CMP-001,trt,BRD-K70446295-001-04-9,1.9172,5.0,DMSO,K70446295,BRD-K70446295-001-01-7,EPZ015666,protein arginine N-methyltransferase inhibitor,BR00122249,N22,9,3722,3722,3722,3722,7,383,0.17966554968483
334,S-C-7314-04-CMP-001,trt,BRD-K25611237-001-09-9,1.7471,5.0,DMSO,K25611237,BRD-K25611237-001-02-1,ML324,histone lysine demethylase inhibitor,BR00122249,N23,9,3621,3621,3621,3621,7,383,0.08713244638802607
335,S-C-7314-04-CMP-001,trt,BRD-A87435144-001-01-6,2.3944,5.0,DMSO,A87435144,BRD-A87435144-001-01-6,AZD7545,pyruvate dehydrogenase kinase inhibitor,BR00122249,N24,9,3569,3569,3569,3569,7,383,0.2983983306572103
336,S-C-7314-04-CMP-001,negcon,control,,,DMSO,,,,MoA,BR00122249,O01,9,3672,3672,3672,3672,23,383,0.11104995416153379
337,S-C-7314-04-CMP-001,trt,BRD-K70578146-001-13-9,0.16697,0.133,DMSO,K70578146,BRD-K70578146-001-09-1,DACTINOMYCIN,Apoptosis inducer (transcription inhibitor),BR00122249,O02,9,503,503,503,503,3,383,0.228021978021978
338,S-C-7314-04-CMP-001,trt,BRD-K24600306-003-02-9,2.3445,5.0,DMSO,K24600306,BRD-K24600306-003-02-9,ML-298,phospholipase inhibitor,BR00122249,O03,9,3856,3856,3856,3856,7,383,0.3131395245468524
339,S-C-7314-04-CMP-001,trt,BRD-A12994259-001-11-9,1.3662,5.0,DMSO,A12994259,BRD-A12994259-001-02-1,pomalidomide,tumor necrosis factor production inhibitor,BR00122249,O04,9,3401,3401,3401,3401,7,383,0.06650125499698593
340,S-C-7314-04-CMP-001,trt,BRD-K87632963-001-05-9,2.0918,5.0,DMSO,K87632963,BRD-K87632963-001-05-9,GNF-5,Bcr-Abl kinase inhibitor,BR00122249,O05,9,3492,3492,3492,3492,7,383,0.018387660098160737
341,S-C-7314-04-CMP-001,trt,BRD-K64881305-001-07-9,2.5853,5.0,DMSO,K64881305,BRD-K64881305-001-05-2,ispinesib,kinesin inhibitor,BR00122249,O06,9,718,718,718,718,7,383,0.2877107954339076
342,S-C-7314-04-CMP-001,trt,BRD-K25611237-001-09-9,1.7471,5.0,DMSO,K25611237,BRD-K25611237-001-02-1,ML324,histone lysine demethylase inhibitor,BR00122249,O07,9,3305,3305,3305,3305,7,383,0.03994808963753064
343,S-C-7314-04-CMP-001,trt,BRD-K17953061-001-05-1,0.012596,0.027,DMSO,K17953061,BRD-K17953061-001-14-3,Staurosporine,Apoptosis inducer (ATP-competitive kinase inhibitor),BR00122249,O08,9,992,992,992,992,3,383,0.3034188034188034
344,S-C-7314-04-CMP-001,trt,BRD-K30707190-001-06-9,1.6017,5.0,DMSO,K30707190,BRD-K30707190-001-04-1,PNU-74654,beta-catenin inhibitor,BR00122249,O09,9,3693,3693,3693,3693,7,383,0.11192123185934717
345,S-C-7314-04-CMP-001,trt,BRD-K70446295-001-04-9,1.9172,5.0,DMSO,K70446295,BRD-K70446295-001-01-7,EPZ015666,protein arginine N-methyltransferase inhibitor,BR00122249,O10,9,3132,3132,3132,3132,7,383,0.04242948823549969
346,S-C-7314-04-CMP-001,trt,BRD-K06883221-001-02-9,2.0725,5.0,DMSO,K06883221,BRD-K06883221-001-01-9,apratastat,tumor necrosis factor production inhibitor,BR00122249,O11,9,3475,3475,3475,3475,7,383,0.05148733888344019
347,S-C-7314-04-CMP-001,negcon,control,,,DMSO,,,,MoA,BR00122249,O12,9,3830,3830,3830,3830,23,383,0.15535087474294684
348,S-C-7314-04-CMP-001,trt,BRD-A22769835-300-05-7,1.9389,5.0,DMSO,A22769835,BRD-A22769835-300-05-7,homochlorcyclizine,antihistamine,BR00122249,O13,9,3994,3994,3994,3994,7,383,0.05568863633516278
349,S-C-7314-04-CMP-001,trt,BRD-K12737986-001-01-4,1.2215,5.0,DMSO,K12737986,BRD-K12737986-001-01-4,veliparib,PARP inhibitor,BR00122249,O14,9,3402,3402,3402,3402,7,383,0.032100219257898285
350,S-C-7314-04-CMP-001,trt,BRD-K33818169-003-04-6,3.0926,5.0,DMSO,K33818169,BRD-K33818169-003-04-6,GW-3965,LXR agonist,BR00122249,O15,9,3408,3408,3408,3408,7,383,0.02837572269699174
351,S-C-7314-04-CMP-001,trt,BRD-K68756823-001-12-9,1.6367,5.0,DMSO,K68756823,BRD-K68756823-001-07-1,FR-180204,MAP kinase inhibitor,BR00122249,O16,9,3566,3566,3566,3566,7,383,0.18611663109135806
352,S-C-7314-04-CMP-001,trt,BRD-K56932272-001-02-9,2.4378,5.0,DMSO,K56932272,BRD-K56932272-001-02-9,BMS-566419,inosine monophosphate dehydrogenase inhibitor,BR00122249,O17,9,2179,2179,2179,2179,7,383,0.164002820299614
353,S-C-7314-04-CMP-001,negcon,control,,,DMSO,,,,MoA,BR00122249,O18,9,3863,3863,3863,3863,23,383,0.14374566201854969
354,S-C-7314-04-CMP-001,trt,BRD-A87435144-001-01-6,2.3944,5.0,DMSO,A87435144,BRD-A87435144-001-01-6,AZD7545,pyruvate dehydrogenase kinase inhibitor,BR00122249,O19,9,3258,3258,3258,3258,7,383,0.22694202712940598
355,S-C-7314-04-CMP-001,trt,BRD-K16803204-001-02-9,2.1275,5.0,DMSO,K16803204,BRD-K16803204-001-01-6,filgotinib,JAK inhibitor,BR00122249,O20,9,3867,3867,3867,3867,7,383,0.03432327738076548
356,S-C-7314-04-CMP-001,trt,BRD-K13094524-001-10-9,1.7369,5.0,DMSO,K13094524,BRD-K13094524-001-04-2,PFI-1,bromodomain inhibitor,BR00122249,O21,9,3817,3817,3817,3817,7,383,0.1898134073196239
357,S-C-7314-04-CMP-001,trt,BRD-K86118762-001-05-9,2.1075,5.0,DMSO,K86118762,BRD-K86118762-001-08-9,linsitinib,IGF-1 inhibitor,BR00122249,O22,9,2974,2974,2974,2974,7,383,0.23798131692868535
358,S-C-7314-04-CMP-001,trt,BRD-K73982490-001-04-9,1.8969,5.0,DMSO,K73982490,BRD-K73982490-001-02-9,BI-78D3,JNK inhibitor,BR00122249,O23,9,3776,3776,3776,3776,7,383,0.03236231891560636
359,S-C-7314-04-CMP-001,trt,BRD-K99113996-001-02-0,2.3127,5.0,DMSO,K99113996,BRD-K99113996-001-02-0,AZD2014,mTOR inhibitor,BR00122249,O24,9,1314,1314,1314,1314,7,383,0.5286218818235956
360,S-C-7314-04-CMP-001,trt,BRD-K32730239-001-03-9,1.3065,5.0,DMSO,K32730239,BRD-K32730239-001-01-0,SU3327,JNK inhibitor,BR00122249,P01,9,3385,3385,3385,3385,7,383,0.036393870970632576
361,S-C-7314-04-CMP-001,trt,BRD-K54955827-001-03-9,1.6019,5.0,DMSO,K54955827,BRD-K54955827-001-02-2,niraparib,PARP inhibitor,BR00122249,P02,9,1466,1466,1466,1466,7,383,0.30019325191593776
362,S-C-7314-04-CMP-001,trt,BRD-K19477839-001-10-9,1.797,5.0,DMSO,K19477839,BRD-K19477839-001-07-6,SGX523,hepatocyte growth factor receptor inhibitor,BR00122249,P03,9,3688,3688,3688,3688,7,383,0.014467851150156948
363,S-C-7314-04-CMP-001,trt,BRD-K99433989-001-02-9,2.4503,5.0,DMSO,K99433989,BRD-K99433989-001-02-9,SAG,smoothened receptor agonist,BR00122249,P04,9,3458,3458,3458,3458,7,383,0.4546385333514046
364,S-C-7314-04-CMP-001,trt,BRD-K66401437-001-03-3,2.8303,5.0,DMSO,K66401437,BRD-K66401437-001-03-3,THZ1,CDK inhibitor,BR00122249,P05,9,419,419,419,419,7,383,0.0631960805328169
365,S-C-7314-04-CMP-001,negcon,control,,,DMSO,,,,MoA,BR00122249,P06,9,3835,3835,3835,3835,23,383,0.16697164052085742
366,S-C-7314-04-CMP-001,trt,BRD-K82941592-238-06-9,2.6182,5.0,DMSO,K82941592,BRD-K82941592-238-03-7,rosuvastatin,HMGCR inhibitor,BR00122249,P07,9,3247,3247,3247,3247,7,383,0.10000323515199352
367,S-C-7314-04-CMP-001,trt,BRD-K72898849-001-03-9,2.5469,5.0,DMSO,K72898849,BRD-K72898849-001-01-8,BLU9931,FGFR inhibitor,BR00122249,P08,9,2001,2001,2001,2001,7,383,0.18017300449791174
368,S-C-7314-04-CMP-001,trt,BRD-K69023402-001-03-3,0.2167,0.333,DMSO,K69023402,BRD-K69023402-001-07-4,Thapsigargin,ER stressor (SERCA inhibitor),BR00122249,P09,9,312,312,312,312,3,383,0.421256038647343
369,S-C-7314-04-CMP-001,trt,BRD-K28936863-051-14-0,2.1275,5.0,DMSO,K28936863,BRD-K28936863-051-32-2,ketotifen,phosphodiesterase inhibitor,BR00122249,P10,9,3468,3468,3468,3468,7,383,0.07035670314111352
370,S-C-7314-04-CMP-001,trt,BRD-K70642949-001-06-9,2.313,5.0,DMSO,K70642949,BRD-K70642949-001-04-5,GSK2334470,phosphoinositide dependent kinase inhibitor,BR00122249,P11,9,2482,2482,2482,2482,7,383,0.4409639064635546
371,S-C-7314-04-CMP-001,trt,BRD-K85776940-001-01-9,1.983,5.0,DMSO,K85776940,BRD-K85776940-001-01-9,delta-Tocotrienol,HMGCR inhibitor,BR00122249,P12,9,3573,3573,3573,3573,7,383,0.09199554118082506
372,S-C-7314-04-CMP-001,trt,BRD-K75009076-001-04-9,1.8813,5.0,DMSO,K75009076,BRD-K75009076-001-02-1,SCH-900776,CHK inhibitor,BR00122249,P13,9,629,629,629,629,7,383,0.7622972265829409
373,S-C-7314-04-CMP-001,trt,BRD-K53665955-001-05-9,2.3097,5.0,DMSO,K53665955,BRD-K53665955-001-03-0,MK-5108,Aurora kinase inhibitor,BR00122249,P14,9,2244,2244,2244,2244,7,383,0.09149587169120575
374,S-C-7314-04-CMP-001,trt,BRD-K62391742-001-19-9,4.3422,5.0,DMSO,K62391742,BRD-K62391742-001-03-0,venetoclax,BCL inhibitor,BR00122249,P15,9,3116,3116,3116,3116,7,383,0.08880265080686146
375,S-C-7314-04-CMP-001,trt,BRD-K13606314-001-02-9,1.7411,5.0,DMSO,K13606314,BRD-K13606314-001-01-3,P5091,ubiquitin specific protease inhibitor,BR00122249,P16,9,3276,3276,3276,3276,7,383,0.028006338853065076
376,S-C-7314-04-CMP-001,trt,BRD-K17953061-001-05-1,0.012596,0.027,DMSO,K17953061,BRD-K17953061-001-14-3,Staurosporine,Apoptosis inducer (ATP-competitive kinase inhibitor),BR00122249,P17,9,830,830,830,830,3,383,0.35772357723577236
377,S-C-7314-04-CMP-001,trt,BRD-K21728777-001-03-9,2.5179,5.0,DMSO,K21728777,BRD-K21728777-001-02-3,AMG900,Aurora kinase inhibitor,BR00122249,P18,9,843,843,843,843,7,383,0.4109285310049317
378,S-C-7314-04-CMP-001,trt,BRD-K85606544-001-07-5,2.7852,5.0,DMSO,K85606544,BRD-K85606544-001-09-1,neratinib,EGFR inhibitor,BR00122249,P19,9,1472,1472,1472,1472,7,383,0.1747143405385921
379,S-C-7314-04-CMP-001,trt,BRD-K63631219-001-01-6,1.1784,5.0,DMSO,K63631219,BRD-K63631219-001-01-6,quazinone,phosphodiesterase inhibitor,BR00122249,P20,9,3445,3445,3445,3445,7,383,0.03334018771804333
380,S-C-7314-04-CMP-001,trt,BRD-K13094524-001-10-9,1.7369,5.0,DMSO,K13094524,BRD-K13094524-001-04-2,PFI-1,bromodomain inhibitor,BR00122249,P21,9,3593,3593,3593,3593,7,383,0.1777827970865765
381,S-C-7314-04-CMP-001,trt,BRD-K82941592-238-06-9,2.6182,5.0,DMSO,K82941592,BRD-K82941592-238-03-7,rosuvastatin,HMGCR inhibitor,BR00122249,P22,9,3752,3752,3752,3752,7,383,0.06892282134847126
382,S-C-7314-04-CMP-001,negcon,control,,,DMSO,,,,MoA,BR00122249,P23,9,3628,3628,3628,3628,23,383,0.12115572556358668
383,S-C-7314-04-CMP-001,trt,BRD-K36234266-001-10-6,1.0702,5.0,DMSO,K36234266,BRD-K36234266-001-09-8,carmustine,DNA inhibitor,BR00122249,P24,9,3042,3042,3042,3042,7,383,0.0133950953465216
